window,day,garch_1step,garch_hstep,ewma_1step,ewma_hstep,realized,omega,alpha,beta,mu,converged,gbt_hstep
1,1022,0.0004581991626044661,0.019055215064732407,0.000434690642743086,0.009128503497604806,0.03251957733976728,0.00012692163961532238,0.2546661245155298,0.641591030093146,0.003790851207467149,true,0.017423143943535436
1,1023,0.000688395165489338,0.021051678546262068,0.00045775123272897433,0.009612775887308462,0.03273920597967256,0.00012692163961532238,0.2546661245155298,0.641591030093146,0.003790851207467149,true,0.01996568641620401
1,1024,0.0011845915034755954,0.02535513236841102,0.0005986529466714569,0.012571711880100596,0.030077867432844334,0.00012692163961532238,0.2546661245155298,0.641591030093146,0.003790851207467149,true,0.00899848470960088
1,1025,0.0008901553458875978,0.02280152140688471,0.0005627372345683651,0.011817481925935666,0.033275927915018606,0.00012692163961532238,0.2546661245155298,0.641591030093146,0.003790851207467149,true,0.008842364926618712
1,1026,0.0007095643825481522,0.02123527673328895,0.0005356115330310292,0.011247842193651613,0.03324961361453107,0.00012692163961532238,0.2546661245155298,0.641591030093146,0.003790851207467149,true,0.014142522489094618
1,1027,0.0015271510265153518,0.028326111748713884,0.0007546870839232331,0.015848428762387897,0.0304591759666608,0.00012692163961532238,0.2546661245155298,0.641591030093146,0.003790851207467149,true,0.0184384542772886
1,1028,0.0011321469572509071,0.0249002868453315,0.0007117120953427406,0.014945954002197554,0.030437414241064248,0.00012692163961532238,0.2546661245155298,0.641591030093146,0.003790851207467149,true,0.01494238908967247
1,1029,0.0009018778770633966,0.02290318957275326,0.0006750344170790963,0.014175722758661023,0.030832057480924775,0.00012692163961532238,0.2546661245155298,0.641591030093146,0.003790851207467149,true,0.008551984554618546
1,1030,0.0007088313321360281,0.021228919071298365,0.0006345348957548904,0.013325232810852697,0.03153709190943386,0.00012692163961532238,0.2546661245155298,0.641591030093146,0.003790851207467149,true,0.010938165235225764
1,1031,0.0009875994242852081,0.023646642701668618,0.000711116693000403,0.014933450553008463,0.029717982441298637,0.00012692163961532238,0.2546661245155298,0.641591030093146,0.003790851207467149,true,0.010005751670070649
1,1032,0.00076076174704634,0.021679305592566388,0.0006689519496633322,0.014047990942929977,0.03143368993810517,0.00012692163961532238,0.2546661245155298,0.641591030093146,0.003790851207467149,true,0.011897976353754915
1,1033,0.0006155585400951842,0.02041997486377019,0.0006291422603478967,0.013211987467305831,0.031764139426136886,0.00012692163961532238,0.2546661245155298,0.641591030093146,0.003790851207467149,true,0.011871448798064902
1,1034,0.0005228655351810351,0.01961605908336934,0.0005915886170733401,0.012423360958540143,0.033499469458141355,0.00012692163961532238,0.2546661245155298,0.641591030093146,0.003790851207467149,true,0.012396627843341165
1,1035,0.0005211328531263035,0.01960103173100865,0.0005638870319643202,0.011841627671250724,0.03352451921039525,0.00012692163961532238,0.2546661245155298,0.641591030093146,0.003790851207467149,true,0.014189983044572859
1,1036,0.0008009900035888327,0.02202820063898846,0.0006275681658851577,0.013178931483588311,0.03211033252969131,0.00012692163961532238,0.2546661245155298,0.641591030093146,0.003790851207467149,true,0.012067577234235079
1,1037,0.0006859347537829658,0.021030339678255065,0.0006074572306620926,0.012756601843903944,0.03233690883542639,0.00012692163961532238,0.2546661245155298,0.641591030093146,0.003790851207467149,true,0.011465044817448896
1,1038,0.0007819009479032193,0.021862643452523006,0.0006357147865419604,0.013350010517381168,0.03129679578567472,0.00012692163961532238,0.2546661245155298,0.641591030093146,0.003790851207467149,true,0.008198528575008307
1,1039,0.0009148252126570762,0.023015480326597573,0.0006811247632834074,0.014303620028951554,0.03161895360882751,0.00012692163961532238,0.2546661245155298,0.641591030093146,0.003790851207467149,true,0.00807667743010035
1,1040,0.003319741988431448,0.043873047177369034,0.001209054776198328,0.02539015030016489,0.024028072275478866,0.00012692163961532238,0.2546661245155298,0.641591030093146,0.003790851207467149,true,0.011612427517157492
1,1041,0.0025590914963479344,0.037276012864780175,0.0011929135932518024,0.02505118545828785,0.023135187322644028,0.00012692163961532238,0.2546661245155298,0.641591030093146,0.003790851207467149,true,0.03648509946696699
1,1042,0.002736462384730588,0.03881433019828985,0.0013221411204525381,0.0277649635295033,0.02005829715942157,0.00012692163961532238,0.2546661245155298,0.641591030093146,0.003790851207467149,true,0.08224539911816375
2,1043,0.002794704906017041,0.03863195852946333,0.0014975008989190771,0.03144751887730062,0.015894672286791357,0.00012393592213063334,0.24634339846818865,0.6485146560935926,0.003763839461781376,true,0.0725259213641828
2,1044,0.0022554644127265482,0.03400082601282607,0.0014699705919287225,0.030869382430503172,0.014886336628664558,0.00012393592213063334,0.24634339846818865,0.6485146560935926,0.003763839461781376,true,0.0986711150021264
2,1045,0.0016481042312602124,0.02878466453998172,0.0013904588315095264,0.029199635461700055,0.01583754419622789,0.00012393592213063334,0.24634339846818865,0.6485146560935926,0.003763839461781376,true,0.06821771723573299
2,1046,0.0018792112861187149,0.030769469853930777,0.0014989183952466066,0.031477286300178736,0.012641868401015692,0.00012393592213063334,0.24634339846818865,0.6485146560935926,0.003763839461781376,true,0.04928291297926696
2,1047,0.0013498664847709071,0.026223324020045676,0.001414042966039324,0.0296949022868258,0.012674098908392457,0.00012393592213063334,0.24634339846818865,0.6485146560935926,0.003763839461781376,true,0.03233022648901626
2,1048,0.0014161326333914674,0.02679243431396359,0.0014129863720788141,0.029672713813655098,0.011357333569690637,0.00012393592213063334,0.24634339846818865,0.6485146560935926,0.003763839461781376,true,0.05524490466854318
2,1049,0.0010574889706677288,0.023712312644704903,0.0013292077226731939,0.02791336217613707,0.011470860799120573,0.00012393592213063334,0.24634339846818865,0.6485146560935926,0.003763839461781376,true,0.03691682894871631
2,1050,0.0009764379651809353,0.02301622629420558,0.0012791589011613535,0.026862336924388424,0.011503812638792143,0.00012393592213063334,0.24634339846818865,0.6485146560935926,0.003763839461781376,true,0.023944353084015574
2,1051,0.0008851108464812628,0.02223188610773335,0.001244713976502757,0.0261389935065579,0.010917257893457735,0.00012393592213063334,0.24634339846818865,0.6485146560935926,0.003763839461781376,true,0.025110409459842085
2,1052,0.0007062783565501026,0.020696027859964026,0.001175538460815284,0.024686307677120965,0.010904474399914457,0.00012393592213063334,0.24634339846818865,0.6485146560935926,0.003763839461781376,true,0.02577506810847007
2,1053,0.001087171149541986,0.02396723063669473,0.0012084508612177126,0.025377468085571966,0.00932878005195331,0.00012393592213063334,0.24634339846818865,0.6485146560935926,0.003763839461781376,true,0.025595151383601952
2,1054,0.0008812336645692636,0.022198587897660122,0.0011560982064909174,0.024278062336309265,0.009282302158978819,0.00012393592213063334,0.24634339846818865,0.6485146560935926,0.003763839461781376,true,0.0225012707708873
2,1055,0.0010498846634833603,0.023647004948591184,0.0011910470083680478,0.025011987175729004,0.008672449621315536,0.00012393592213063334,0.24634339846818865,0.6485146560935926,0.003763839461781376,true,0.014236693172441521
2,1056,0.0008233781382194793,0.021701710135920316,0.0011288809049165795,0.023706499003248168,0.008888300262597801,0.00012393592213063334,0.24634339846818865,0.6485146560935926,0.003763839461781376,true,0.01421042524853082
2,1057,0.0006864499584411529,0.02052573660703003,0.0010738112056180443,0.02255003531797893,0.012178905445089103,0.00012393592213063334,0.24634339846818865,0.6485146560935926,0.003763839461781376,true,0.016067033147444395
2,1058,0.0006581970460048817,0.020283093513454274,0.0010405202663551112,0.021850925593457336,0.012618245343951558,0.00012393592213063334,0.24634339846818865,0.6485146560935926,0.003763839461781376,true,0.00931138451037211
2,1059,0.0005522351714351667,0.019373066375378632,0.000980387257108297,0.020588132399274237,0.014050575327478788,0.00012393592213063334,0.24634339846818865,0.6485146560935926,0.003763839461781376,true,0.01255223261753418
2,1060,0.0009847533466225545,0.023087640874270843,0.0010244463550049307,0.021513373455103544,0.01234972991640198,0.00012393592213063334,0.24634339846818865,0.6485146560935926,0.003763839461781376,true,0.017756350395962992
2,1061,0.0011508158851358846,0.024513827578484304,0.0010763241924156407,0.022602808040728457,0.011635792705509468,0.00012393592213063334,0.24634339846818865,0.6485146560935926,0.003763839461781376,true,0.008796500574958822
2,1062,0.0008726284585009533,0.022124684231056495,0.001014573747325986,0.021306048693845704,0.01492989742258694,0.00012393592213063334,0.24634339846818865,0.6485146560935926,0.003763839461781376,true,0.008644062364590217
2,1063,0.0007293449739649039,0.02089412975195412,0.0009698882554889231,0.020367653365267385,0.015344912698915657,0.00012393592213063334,0.24634339846818865,0.6485146560935926,0.003763839461781376,true,0.00870423077594618
3,1064,0.000641313366691443,0.020759290601650243,0.0009165657134954661,0.019247879983404787,0.01604741639999319,0.00012849462002787368,0.25466619380486927,0.6409484977430654,0.0037637429736063076,true,0.008910934592064126
3,1065,0.0005614310610264939,0.020069597975962233,0.0008633913781429205,0.01813121894100133,0.02038460322332142,0.00012849462002787368,0.25466619380486927,0.6409484977430654,0.0037637429736063076,true,0.009227150043796003
3,1066,0.0007075968091122163,0.021331572548976184,0.0008773468246046726,0.018424283316698126,0.023543514240296735,0.00012849462002787368,0.25466619380486927,0.6409484977430654,0.0037637429736063076,true,0.01046762342011884
3,1067,0.0005832613414838416,0.020258077556299887,0.0008248525610433118,0.017321903781909547,0.025991163385070837,0.00012849462002787368,0.25466619380486927,0.6409484977430654,0.0037637429736063076,true,0.010357572700096594
3,1068,0.0005563224463003606,0.02002549091276762,0.0007823549123308329,0.01642945315894749,0.02588292085081031,0.00012849462002787368,0.25466619380486927,0.6409484977430654,0.0037637429736063076,true,0.010565494341392284
3,1069,0.0005260753645724363,0.01976434185049806,0.0007401936812707235,0.015544067306685195,0.02594587384824831,0.00012849462002787368,0.25466619380486927,0.6409484977430654,0.0037637429736063076,true,0.010259974067920464
3,1070,0.0005243217806318725,0.01974920165264993,0.0007035942270793848,0.014775478768667081,0.02608071767709092,0.00012849462002787368,0.25466619380486927,0.6409484977430654,0.0037637429736063076,true,0.010392118350276163
3,1071,0.0006466821031602932,0.02080564351949614,0.0006930593256834673,0.014554245839352813,0.025600383203945257,0.00012849462002787368,0.25466619380486927,0.6409484977430654,0.0037637429736063076,true,0.010858582564880172
3,1072,0.0005559057249889238,0.02002189299939904,0.0006585870908334795,0.013830328907503069,0.025482095547791093,0.00012849462002787368,0.25466619380486927,0.6409484977430654,0.0037637429736063076,true,0.01019767416474266
3,1073,0.0005255682568305641,0.01975996355336345,0.0006238121786735667,0.0131000557521449,0.02540382311671689,0.00012849462002787368,0.25466619380486927,0.6409484977430654,0.0037637429736063076,true,0.010379054360068304
3,1074,0.0005301042738099842,0.019799126887904937,0.0005952864951268295,0.01250101639766342,0.02596178943753034,0.00012849462002787368,0.25466619380486927,0.6409484977430654,0.0037637429736063076,true,0.011397758890115219
3,1075,0.0005129663109552508,0.019651160119772318,0.000576935028787018,0.012115635604527377,0.025688235582320376,0.00012849462002787368,0.25466619380486927,0.6409484977430654,0.0037637429736063076,true,0.010978871278021808
3,1076,0.0008127398128038716,0.022239362499268528,0.0006100424690665851,0.012810891850398288,0.02475458556653408,0.00012849462002787368,0.25466619380486927,0.6409484977430654,0.0037637429736063076,true,0.010171653447603375
3,1077,0.0007105419119236775,0.021357000153675997,0.0005956876764501406,0.012509441205452953,0.024831190025420953,0.00012849462002787368,0.25466619380486927,0.6409484977430654,0.0037637429736063076,true,0.010438275558750631
3,1078,0.001592714666331004,0.028973556013362215,0.0007700458818090701,0.016170963517990473,0.021333533394315967,0.00012849462002787368,0.25466619380486927,0.6409484977430654,0.0037637429736063076,true,0.009328107282206607
3,1079,0.0013376539790408092,0.026771397804949977,0.000781341255906423,0.01640816637403488,0.020485910260593453,0.00012849462002787368,0.25466619380486927,0.6409484977430654,0.0037637429736063076,true,0.008949126063129934
3,1080,0.001437504664606464,0.027633494622652896,0.0008226987862981641,0.017276674512261447,0.019016013745334813,0.00012849462002787368,0.25466619380486927,0.6409484977430654,0.0037637429736063076,true,0.00958845662218267
3,1081,0.0010498614996804446,0.024286637893589463,0.0007741684677787975,0.016257537823354748,0.019133769595667056,0.00012849462002787368,0.25466619380486927,0.6409484977430654,0.0037637429736063076,true,0.00938328253859044
3,1082,0.001038562456353584,0.024189083537903354,0.0007982267457695247,0.016762761661160017,0.018080168076224073,0.00012849462002787368,0.25466619380486927,0.6409484977430654,0.0037637429736063076,true,0.009171104090538902
3,1083,0.0015378625965441664,0.028499970934403915,0.0009508084305032853,0.01996697704056899,0.014883853217710696,0.00012849462002787368,0.25466619380486927,0.6409484977430654,0.0037637429736063076,true,0.009102967189553524
3,1084,0.0012420297455221253,0.02594579158157024,0.0009348497742553074,0.019631845259361454,0.014211772356188618,0.00012849462002787368,0.25466619380486927,0.6409484977430654,0.0037637429736063076,true,0.009214460815609187
4,1085,0.0010646460158699337,0.02377391071956048,0.0009257797632005194,0.019441375027210907,0.013790974617355912,0.0001279965172307554,0.2445571866932766,0.6466792378236481,0.0037457433321725626,true,0.00885783142669225
4,1086,0.0020090972096464257,0.03168378008130748,0.0011322837942653646,0.023777959679572656,0.010441595885655889,0.0001279965172307554,0.2445571866932766,0.6466792378236481,0.0037457433321725626,true,0.010826734264036228
4,1087,0.0025907407972142237,0.036555100932057466,0.001319640356778289,0.02771244749234407,0.006196970074457321,0.0001279965172307554,0.2445571866932766,0.6466792378236481,0.0037457433321725626,true,0.012864252277323934
4,1088,0.0023153077220327773,0.034248322501424164,0.0013874674299729575,0.02913681602943211,0.0037568365412219275,0.0001279965172307554,0.2445571866932766,0.6466792378236481,0.0037457433321725626,true,0.023820224569634472
4,1089,0.0016254396738663189,0.028470611409736522,0.0013047183370690683,0.027399085078450434,0.004252686113808649,0.0001279965172307554,0.2445571866932766,0.6466792378236481,0.0037457433321725626,true,0.019673175481704847
4,1090,0.001239324431709192,0.025236859211457283,0.0012349924803709447,0.025934842087789838,0.004125126715528787,0.0001279965172307554,0.2445571866932766,0.6466792378236481,0.0037457433321725626,true,0.020864773075389444
4,1091,0.0009678652316917763,0.022963362366589878,0.0011767957279641497,0.024712710287247145,0.003938779011325679,0.0001279965172307554,0.2445571866932766,0.6466792378236481,0.0037457433321725626,true,0.014367461194709663
4,1092,0.0007816366647779088,0.021403680251282333,0.0011090486681264063,0.02329002203065453,0.003946296830895106,0.0001279965172307554,0.2445571866932766,0.6466792378236481,0.0037457433321725626,true,0.011354763371243899
4,1093,0.0006360662827520853,0.020184514335297096,0.0010425198133605924,0.02189291608057244,0.003973146046570592,0.0001279965172307554,0.2445571866932766,0.6466792378236481,0.0037457433321725626,true,0.013492431338285557
4,1094,0.0005413695345171208,0.01939141998330025,0.0009800125919846004,0.02058026443167661,0.003992927894277551,0.0001279965172307554,0.2445571866932766,0.6466792378236481,0.0037457433321725626,true,0.011845223259770462
4,1095,0.0007029554191788074,0.02074471727044279,0.0009635928628880082,0.020235450120648174,0.0033030492538247097,0.0001279965172307554,0.2445571866932766,0.6466792378236481,0.0037457433321725626,true,0.014685616886128289
4,1096,0.0005825971127412643,0.019736704906441926,0.0009067297831699282,0.019041325446568492,0.0037060610083134806,0.0001279965172307554,0.2445571866932766,0.6466792378236481,0.0037457433321725626,true,0.014470214174579131
4,1097,0.0005814772222997345,0.019727325716548005,0.0008640305372393425,0.018144641282026194,0.003512406606620526,0.0001279965172307554,0.2445571866932766,0.6466792378236481,0.0037457433321725626,true,0.013421122814292303
4,1098,0.0005781198031867272,0.019699207009354326,0.0008390327280657451,0.017619687289380646,0.0031174406417078778,0.0001279965172307554,0.2445571866932766,0.6466792378236481,0.0037457433321725626,true,0.01187840223211063
4,1099,0.0005025996660704618,0.019066718615346062,0.0007889308324614389,0.016567547481690217,0.003124642665446287,0.0001279965172307554,0.2445571866932766,0.6466792378236481,0.0037457433321725626,true,0.01139450929822005
4,1100,0.00046424150252622707,0.018745465315450054,0.0007482357214962987,0.01571295015142227,0.003254962052668057,0.0001279965172307554,0.2445571866932766,0.6466792378236481,0.0037457433321725626,true,0.012099428795776492
4,1101,0.00043339609771902586,0.0184871320907764,0.000703385793037129,0.01477110165377971,0.003302212491442745,0.0001279965172307554,0.2445571866932766,0.6466792378236481,0.0037457433321725626,true,0.011371202467773237
4,1102,0.00042286514399845424,0.018398934342990995,0.0006690796051333589,0.014050671707800538,0.003190586168356101,0.0001279965172307554,0.2445571866932766,0.6466792378236481,0.0037457433321725626,true,0.010790692402357737
4,1103,0.00045480680064168065,0.018666448781969498,0.0006362271237162334,0.013360769598040901,0.0035515928575530755,0.0001279965172307554,0.2445571866932766,0.6466792378236481,0.0037457433321725626,true,0.010619255344792035
4,1104,0.00043893122450343227,0.018533489308654748,0.0006067498942623885,0.012741747779510159,0.007098693282974696,0.0001279965172307554,0.2445571866932766,0.6466792378236481,0.0037457433321725626,true,0.009637659703814914
4,1105,0.0004118517194274273,0.018306695855543124,0.0005711098984975397,0.011993307868448334,0.010246618871114919,0.0001279965172307554,0.2445571866932766,0.6466792378236481,0.0037457433321725626,true,0.010406483913949624
5,1106,0.0005200143176364794,0.019115236120555885,0.0005586164156582556,0.011730944728823368,0.009909261235199422,0.00012790573268964796,0.24248674161269793,0.6478665582537113,0.0036266271849122967,true,0.01184591236541122
5,1107,0.0007709998804292643,0.021204535969723486,0.000586187523673635,0.012309937997146334,0.009548283272203256,0.00012790573268964796,0.24248674161269793,0.6478665582537113,0.0036266271849122967,true,0.01142485128081091
5,1108,0.0006274540273931244,0.020009605369891936,0.0005516323137501489,0.011584278588753128,0.009639824536781413,0.00012790573268964796,0.24248674161269793,0.6478665582537113,0.0036266271849122967,true,0.01333930996514542
5,1109,0.0005344660051899992,0.019235537496817574,0.0005191318575323821,0.010901769008180023,0.009641972395480756,0.00012790573268964796,0.24248674161269793,0.6478665582537113,0.0036266271849122967,true,0.012426509310910836
5,1110,0.000560119263591744,0.019449085034425037,0.0005182338733301305,0.010882911339932742,0.009752996334174851,0.00012790573268964796,0.24248674161269793,0.6478665582537113,0.0036266271849122967,true,0.010856920626091116
5,1111,0.0004908039491873573,0.018872077838000538,0.00048804352055955164,0.010248913931750585,0.01042190978636572,0.00012790573268964796,0.24248674161269793,0.6478665582537113,0.0036266271849122967,true,0.011646259387409354
5,1112,0.00048375682424673256,0.018813414873837662,0.0004634828434892537,0.009733139713274327,0.010507229677615209,0.00012790573268964796,0.24248674161269793,0.6478665582537113,0.0036266271849122967,true,0.011270376059322884
5,1113,0.0004448222093684826,0.01848930824361015,0.00043898562589416974,0.009218698143777565,0.0111179665758578,0.00012790573268964796,0.24248674161269793,0.6478665582537113,0.0036266271849122967,true,0.011040898946275815
5,1114,0.0004350011087878254,0.018407553644925252,0.00041427150660281934,0.008699701638659206,0.012448990196417126,0.00012790573268964796,0.24248674161269793,0.6478665582537113,0.0036266271849122967,true,0.012156646671623575
5,1115,0.0004099259903385455,0.018198818765472472,0.0003906460944947113,0.008203567984388937,0.012554817590738628,0.00012790573268964796,0.24248674161269793,0.6478665582537113,0.0036266271849122967,true,0.010709363471632606
5,1116,0.000407804799661369,0.01818116116273004,0.000368195636820342,0.0077321083732271815,0.012557096667534882,0.00012790573268964796,0.24248674161269793,0.6478665582537113,0.0036266271849122967,true,0.010707331228746737
5,1117,0.0005328698010713487,0.019222250083042743,0.00037123709593564827,0.007795979014648614,0.012397281556028181,0.00012790573268964796,0.24248674161269793,0.6478665582537113,0.0036266271849122967,true,0.009664701281857426
5,1118,0.0004787650074269814,0.018771861080812566,0.00034904814713754214,0.007330011089888385,0.013938740075347301,0.00012790573268964796,0.24248674161269793,0.6478665582537113,0.0036266271849122967,true,0.01139736758583539
5,1119,0.00046672139566572546,0.01867160544875058,0.0003312513234752939,0.0069562777929811715,0.013991621880982652,0.00012790573268964796,0.24248674161269793,0.6478665582537113,0.0036266271849122967,true,0.009189147831301878
5,1120,0.0004302978621531339,0.01836840202052456,0.00031204843357071936,0.006553017104985107,0.014002547785880044,0.00012790573268964796,0.24248674161269793,0.6478665582537113,0.0036266271849122967,true,0.010657692056840196
5,1121,0.0004410054199722541,0.018457535828411795,0.0003077854297723285,0.006463494025218898,0.014117075374476335,0.00012790573268964796,0.24248674161269793,0.6478665582537113,0.0036266271849122967,true,0.011229927844628776
5,1122,0.0004406278249075951,0.018454392582629604,0.0002921975451430784,0.0061361484480046465,0.014638799344612088,0.00012790573268964796,0.24248674161269793,0.6478665582537113,0.0036266271849122967,true,0.010425720264927777
5,1123,0.0004135466419927262,0.018228958455065745,0.00027586507272775283,0.005793166527282809,0.014622566189007142,0.00012790573268964796,0.24248674161269793,0.6478665582537113,0.0036266271849122967,true,0.013133749342951596
5,1124,0.00047739302127713305,0.01876044014319352,0.00028826586460678217,0.006053583156742426,0.01423677864542607,0.00012790573268964796,0.24248674161269793,0.6478665582537113,0.0036266271849122967,true,0.011103552369240809
5,1125,0.0014425224256230471,0.026794546553496973,0.0004924923362248018,0.010342339060720837,0.010573630821496996,0.00012790573268964796,0.24248674161269793,0.6478665582537113,0.0036266271849122967,true,0.01020280552995224
5,1126,0.0017331984285120891,0.02921424481117769,0.0006525833292306217,0.013704249913843055,0.011074149532569555,0.00012790573268964796,0.24248674161269793,0.6478665582537113,0.0036266271849122967,true,0.014411174895366398
6,1127,0.0012729974189433211,0.02534906694305696,0.0006149599823924229,0.012914159630240882,0.011198176765836166,0.00012984140450824467,0.25131808556359325,0.6372020431088241,0.0035386369228359404,true,0.010209867199051145
6,1128,0.001063704630687869,0.023628543708672275,0.0006174917986239822,0.012967327771103626,0.011732814622840319,0.00012984140450824467,0.25131808556359325,0.6372020431088241,0.0035386369228359404,true,0.012691888352334741
6,1129,0.0008543161029047815,0.021907233432922626,0.0005865508080781646,0.012317566969641458,0.012682059189645949,0.00012984140450824467,0.25131808556359325,0.6372020431088241,0.0035386369228359404,true,0.0165189799637509
6,1130,0.0006742142539975496,0.02042667876028708,0.0005520841137226774,0.011593766388176226,0.013037254711730662,0.00012984140450824467,0.25131808556359325,0.6372020431088241,0.0035386369228359404,true,0.011694149878957458
6,1131,0.0007613231182811604,0.0211427704429966,0.000555870430470654,0.011673279039883733,0.01301569130927506,0.00012984140450824467,0.25131808556359325,0.6372020431088241,0.0035386369228359404,true,0.013116094256999425
6,1132,0.0008365170711920542,0.021760913782510594,0.0005635566914030959,0.011834690519465015,0.013119313664614113,0.00012984140450824467,0.25131808556359325,0.6372020431088241,0.0035386369228359404,true,0.010527194365843795
6,1133,0.000684460574056603,0.020510910194516077,0.0005395844175571546,0.011331272768700247,0.012982117644799075,0.00012984140450824467,0.25131808556359325,0.6372020431088241,0.0035386369228359404,true,0.01065053902543454
6,1134,0.0006905898439556832,0.020561296791011277,0.0005471653194125521,0.011490471707663595,0.012359132220160766,0.00012984140450824467,0.25131808556359325,0.6372020431088241,0.0035386369228359404,true,0.010542510737652956
6,1135,0.0008488029754759093,0.02186191192942237,0.0005958218357436584,0.012512258550616826,0.012521058972261053,0.00012984140450824467,0.25131808556359325,0.6372020431088241,0.0035386369228359404,true,0.00992226391117921
6,1136,0.0007255917672333618,0.020849035430977658,0.0005676530475463899,0.011920713998474188,0.01261976066541469,0.00012984140450824467,0.25131808556359325,0.6372020431088241,0.0035386369228359404,true,0.009683369842729926
6,1137,0.000607751335430525,0.019880310218051346,0.0005347189172966952,0.0112290972632306,0.0132225419341807,0.00012984140450824467,0.25131808556359325,0.6372020431088241,0.0035386369228359404,true,0.009541151540950964
6,1138,0.000613986710512372,0.01993156906835787,0.0005181800728930184,0.010881781530753386,0.020316854691545143,0.00012984140450824467,0.25131808556359325,0.6372020431088241,0.0035386369228359404,true,0.009479653794873656
6,1139,0.0009818399586801175,0.022955562707087533,0.0005796620566366173,0.012172903189368962,0.019681546004381916,0.00012984140450824467,0.25131808556359325,0.6372020431088241,0.0035386369228359404,true,0.009520314523154544
6,1140,0.0007668335654615098,0.02118806991310576,0.0005512013067425456,0.011575227441593458,0.01966152792109392,0.00012984140450824467,0.25131808556359325,0.6372020431088241,0.0035386369228359404,true,0.010199463769583075
6,1141,0.0006355447744886802,0.020108790415871852,0.0005194569721357795,0.01090859641485137,0.02066137628164621,0.00012984140450824467,0.25131808556359325,0.6372020431088241,0.0035386369228359404,true,0.011202827587594702
6,1142,0.0005937718375381908,0.019765389627001473,0.0005096211113392625,0.010702043338124512,0.02241309967598807,0.00012984140450824467,0.25131808556359325,0.6372020431088241,0.0035386369228359404,true,0.010222372146678172
6,1143,0.00061206592575136,0.0199157789647565,0.0005132265240241416,0.010777757004506972,0.02303514678182128,0.00012984140450824467,0.25131808556359325,0.6372020431088241,0.0035386369228359404,true,0.011784249801640712
6,1144,0.0005273894621865458,0.0192196832025319,0.00048265832353965526,0.010135824794332761,0.02308540583919389,0.00012984140450824467,0.25131808556359325,0.6372020431088241,0.0035386369228359404,true,0.012169406192963505
6,1145,0.0004758632029425577,0.018796103742631895,0.00045950426775510613,0.00964958962285723,0.028204499465746245,0.00012984140450824467,0.25131808556359325,0.6372020431088241,0.0035386369228359404,true,0.01333181283261751
6,1146,0.0004530311758502791,0.01860840958733965,0.0004336675657484818,0.009107018880718118,0.03409295532593926,0.00012984140450824467,0.25131808556359325,0.6372020431088241,0.0035386369228359404,true,0.011015494400220729
6,1147,0.001234163103829873,0.025029823542455157,0.0006273191676472344,0.013173702520591923,0.03044908267370063,0.00012984140450824467,0.25131808556359325,0.6372020431088241,0.0035386369228359404,true,0.015914078993891478
7,1148,0.0009835434588176938,0.022992018628420735,0.0005986533045000355,0.012571719394500747,0.032002227313411076,0.00013136072718443286,0.255044769751019,0.6322466935042028,0.003329318116153969,true,0.013915590282357608
7,1149,0.0010013632140381552,0.023137290111429027,0.0006342417928253874,0.013319077649333134,0.030923612120165967,0.00013136072718443286,0.255044769751019,0.6322466935042028,0.003329318116153969,true,0.01647177061749665
7,1150,0.0009803047427376895,0.02296561573555469,0.0006592504766358234,0.01384426000935229,0.030535265878646273,0.00013136072718443286,0.255044769751019,0.6322466935042028,0.003329318116153969,true,0.023050579843794952
7,1151,0.0008802076283077894,0.02214959688017865,0.0006417335334919594,0.013476404203331148,0.030225000508038852,0.00013136072718443286,0.255044769751019,0.6322466935042028,0.003329318116153969,true,0.025548644886883697
7,1152,0.0008007203811312088,0.021501595258678858,0.0006388470809064429,0.013415788699035302,0.0296454732621751,0.00013136072718443286,0.255044769751019,0.6322466935042028,0.003329318116153969,true,0.012541015062424733
7,1153,0.0008889730494219515,0.02222105497310376,0.0006477720841330807,0.013603213766794695,0.031113053060183256,0.00013136072718443286,0.255044769751019,0.6322466935042028,0.003329318116153969,true,0.013205514374983886
7,1154,0.0007118743731130308,0.020777298477691258,0.0006105151255344382,0.0128208176362232,0.03117917798241195,0.00013136072718443286,0.255044769751019,0.6322466935042028,0.003329318116153969,true,0.011265019321048533
7,1155,0.0005840920990092867,0.01973558268353109,0.0005764610594329,0.0121056822480909,0.03182065961081797,0.00013136072718443286,0.255044769751019,0.6322466935042028,0.003329318116153969,true,0.01141630144558066
7,1156,0.0009573654856435366,0.02277860868321597,0.0006330754364888025,0.013294584166264854,0.030378024639377083,0.00013136072718443286,0.255044769751019,0.6322466935042028,0.003329318116153969,true,0.013422882844453584
7,1157,0.0008223513532438221,0.021677936816620242,0.0006085935338360438,0.01278046421055692,0.03126009026791622,0.00013136072718443286,0.255044769751019,0.6322466935042028,0.003329318116153969,true,0.011562037562484815
7,1158,0.0007702968728533859,0.02125357455855389,0.0006093698505349304,0.012796766861233537,0.0307118149822804,0.00013136072718443286,0.255044769751019,0.6322466935042028,0.003329318116153969,true,0.010692682926896123
7,1159,0.002642275736666585,0.03651445453933267,0.0010140107155788263,0.021294225027155354,0.023932617867590406,0.00013136072718443286,0.255044769751019,0.6322466935042028,0.003329318116153969,true,0.0551052537685877
7,1160,0.0019850677431552037,0.0311567165299646,0.0010076243395314832,0.021160111130161148,0.023096513059514285,0.00013136072718443286,0.255044769751019,0.6322466935042028,0.003329318116153969,true,0.03868568210236564
7,1161,0.001395310567385759,0.026348855901192746,0.0009522847676664398,0.019997980120995237,0.02304632826605046,0.00013136072718443286,0.255044769751019,0.6322466935042028,0.003329318116153969,true,0.04803754801267786
7,1162,0.0013313085395193444,0.025827093992083244,0.0009564663270373772,0.020085792867784922,0.02334569815079865,0.00013136072718443286,0.255044769751019,0.6322466935042028,0.003329318116153969,true,0.03118053330766044
7,1163,0.0015913039014399193,0.027946646776854947,0.0010255133086072763,0.0215357794807528,0.022403605359750334,0.00013136072718443286,0.255044769751019,0.6322466935042028,0.003329318116153969,true,0.031380402867085704
7,1164,0.0015028628701379341,0.02722565147601774,0.0010354880158060672,0.02174524833192741,0.0213717272333564,0.00013136072718443286,0.255044769751019,0.6322466935042028,0.003329318116153969,true,0.01340829117396369
7,1165,0.0010856628651113595,0.023824523756166414,0.0009765996692570219,0.020508593054397457,0.021399594064318146,0.00013136072718443286,0.255044769751019,0.6322466935042028,0.003329318116153969,true,0.01303770736474774
7,1166,0.0022735190958650797,0.033508250278071056,0.0012309547503225721,0.025850049756774015,0.016589361845791597,0.00013136072718443286,0.255044769751019,0.6322466935042028,0.003329318116153969,true,0.053267413926830924
7,1167,0.0029501647088147876,0.03902444903883677,0.0015121383709734812,0.03175490579044311,0.010820670273479256,0.00013136072718443286,0.255044769751019,0.6322466935042028,0.003329318116153969,true,0.040958529570250465
7,1168,0.0020109053929011703,0.03136735206617755,0.0014224493654244154,0.029871436673912725,0.01083676296370664,0.00013136072718443286,0.255044769751019,0.6322466935042028,0.003329318116153969,true,0.034348571785417024
8,1169,0.0017419209837303828,0.02836084157521357,0.0014392643687932125,0.030224551744657463,0.012121686627594613,0.00013144119175582565,0.24400047183461698,0.6381756051144677,0.0033306368773593567,true,0.020099939974977592
8,1170,0.0012907067463380334,0.024806580193217746,0.001359699281666267,0.028553684914991606,0.012936731057821142,0.00013144119175582565,0.24400047183461698,0.6381756051144677,0.0033306368773593567,true,0.015227223272401894
8,1171,0.0010777046494292643,0.023128740567185134,0.0013178797416550686,0.027675474574756442,0.012950317705773344,0.00013144119175582565,0.24400047183461698,0.6381756051144677,0.0033306368773593567,true,0.01132530414788872
8,1172,0.0008235545310219172,0.021126773704824294,0.0012422291203736048,0.026086811527845703,0.015894334124698307,0.00013144119175582565,0.24400047183461698,0.6381756051144677,0.0033306368773593567,true,0.01026671792352714
8,1173,0.0006570575082283478,0.01981525937461957,0.0011685412978233644,0.024539367254290654,0.016076945321174693,0.00013144119175582565,0.24400047183461698,0.6381756051144677,0.0033306368773593567,true,0.010398502799090232
8,1174,0.0011809161830267244,0.02394174853023625,0.0012337394359154758,0.02590852815422499,0.015062523727292356,0.00013144119175582565,0.24400047183461698,0.6381756051144677,0.0033306368773593567,true,0.011332931975580208
8,1175,0.0008947891676349656,0.021687896331267723,0.001165291931543611,0.024471130562415833,0.015125286961846894,0.00013144119175582565,0.24400047183461698,0.6381756051144677,0.0033306368773593567,true,0.010017619692841321
8,1176,0.0008296596881688811,0.021174864661359427,0.0011364401547858834,0.02386524325050355,0.014594545793405066,0.00013144119175582565,0.24400047183461698,0.6381756051144677,0.0033306368773593567,true,0.009670634227113433
8,1177,0.000696801230616374,0.020128324801093896,0.0010728976878341542,0.022530851444517237,0.015658409774262652,0.00013144119175582565,0.24400047183461698,0.6381756051144677,0.0033306368773593567,true,0.01017322989200801
8,1178,0.0009030454879806106,0.021752932223600162,0.0010749503878130227,0.022573958144073477,0.015310980818866659,0.00013144119175582565,0.24400047183461698,0.6381756051144677,0.0033306368773593567,true,0.011193616556641637
8,1179,0.000742235673083104,0.020486216620299928,0.0010148487761351417,0.021311824298837975,0.01542928682502366,0.00013144119175582565,0.24400047183461698,0.6381756051144677,0.0033306368773593567,true,0.011119336149759856
8,1180,0.0007089794993798466,0.020224254288194587,0.0009884090787616248,0.02075659065399412,0.014894010967819551,0.00013144119175582565,0.24400047183461698,0.6381756051144677,0.0033306368773593567,true,0.009754883575446915
8,1181,0.0005902987812161007,0.019289393952681415,0.0009333925124387463,0.019601242761213673,0.014869463179609438,0.00013144119175582565,0.24400047183461698,0.6381756051144677,0.0033306368773593567,true,0.010230086367639576
8,1182,0.0005290611604647082,0.018807018857826593,0.0008794957625914379,0.018469411014420196,0.014844191388826951,0.00013144119175582565,0.24400047183461698,0.6381756051144677,0.0033306368773593567,true,0.010373319916123867
8,1183,0.0007351090462852099,0.02043007944130035,0.0009060068553517665,0.019026143962387096,0.013954896098402638,0.00013144119175582565,0.24400047183461698,0.6381756051144677,0.0033306368773593567,true,0.010635070779150116
8,1184,0.0008320948701982624,0.021194046842966066,0.0009215558377599032,0.01935267259295797,0.012923745415814054,0.00013144119175582565,0.24400047183461698,0.6381756051144677,0.0033306368773593567,true,0.01005275222498816
8,1185,0.0006836298500611852,0.02002457246932922,0.0008758553056259005,0.01839296141814391,0.01387077052018079,0.00013144119175582565,0.24400047183461698,0.6381756051144677,0.0033306368773593567,true,0.010296530981659807
8,1186,0.000605110810629802,0.019406069845796743,0.0008282169315453698,0.017392555562452765,0.013844322773351007,0.00013144119175582565,0.24400047183461698,0.6381756051144677,0.0033306368773593567,true,0.010410106949184228
8,1187,0.0005865514642775497,0.019259875948201405,0.0008028610437620259,0.016860081919002543,0.013458516376352422,0.00013144119175582565,0.24400047183461698,0.6381756051144677,0.0033306368773593567,true,0.009540036960038988
8,1188,0.0005249259876515838,0.01877444567236483,0.0007636087924678272,0.016035784641824372,0.01369877606208526,0.00013144119175582565,0.24400047183461698,0.6381756051144677,0.0033306368773593567,true,0.012351578094055281
8,1189,0.00046790061334701786,0.018325250879984347,0.0007197971230427438,0.01511573958389762,0.015078595084339622,0.00013144119175582565,0.24400047183461698,0.6381756051144677,0.0033306368773593567,true,0.01074519004814644
9,1190,0.001061969292895025,0.023208371631410978,0.0008558666807877196,0.017973200296542112,0.012099008789272548,0.00012692187726629054,0.23589150701083722,0.6520628484013145,0.00320869345437744,true,0.011292620026042246
9,1191,0.000994660621839835,0.022657177450123106,0.0008602081207546955,0.018064370535848605,0.012694879509297152,0.00012692187726629054,0.23589150701083722,0.6520628484013145,0.00320869345437744,true,0.011433151283952342
9,1192,0.0009768312324575801,0.02251117166023971,0.0008491732492753235,0.017832638234781793,0.012064835717390213,0.00012692187726629054,0.23589150701083722,0.6520628484013145,0.00320869345437744,true,0.011737820413974908
9,1193,0.00139129952400441,0.02590527389175781,0.000978286002672142,0.020544006056114984,0.010778526523724848,0.00012692187726629054,0.23589150701083722,0.6520628484013145,0.00320869345437744,true,0.00944337154558886
9,1194,0.0011041991306187785,0.023554193952148497,0.0009313914389725726,0.019559220218424024,0.010611586169146424,0.00012692187726629054,0.23589150701083722,0.6520628484013145,0.00320869345437744,true,0.010394061028320644
9,1195,0.0011953643066007504,0.024300750283592708,0.0009499532729627915,0.01994901873221862,0.009483779187700242,0.00012692187726629054,0.23589150701083722,0.6520628484013145,0.00320869345437744,true,0.009997868125670807
9,1196,0.0009644240077769844,0.022409568256953553,0.0009022987324413602,0.018948273381268563,0.009340749552330696,0.00012692187726629054,0.23589150701083722,0.6520628484013145,0.00320869345437744,true,0.01000943087538546
9,1197,0.0007757024640025141,0.020864117794458775,0.0008573820775232578,0.018005023627988413,0.010641306920123333,0.00012692187726629054,0.23589150701083722,0.6520628484013145,0.00320869345437744,true,0.009575667759910683
9,1198,0.0009555118758247222,0.022336586348412697,0.0008744149340587412,0.018362713615233565,0.010156566356850544,0.00012692187726629054,0.23589150701083722,0.6520628484013145,0.00320869345437744,true,0.010156967885487657
9,1199,0.0008898824931660673,0.02179914394647752,0.000867530861940375,0.018218148100747875,0.01104036499945336,0.00012692187726629054,0.23589150701083722,0.6520628484013145,0.00320869345437744,true,0.009930078369886356
9,1200,0.0007338458809850041,0.02052135207577556,0.0008269727821842728,0.017366428425869728,0.010854033651570668,0.00012692187726629054,0.23589150701083722,0.6520628484013145,0.00320869345437744,true,0.009725358818520291
9,1201,0.0006264859933246734,0.01964217641453613,0.0007796890930155616,0.016373470953326794,0.010826235043554778,0.00012692187726629054,0.23589150701083722,0.6520628484013145,0.00320869345437744,true,0.009972999211499044
9,1202,0.0005592956084806104,0.019091950885136308,0.0007357228585448399,0.015450180029441637,0.01096414531077704,0.00012692187726629054,0.23589150701083722,0.6520628484013145,0.00320869345437744,true,0.009632867690728067
9,1203,0.0004916189730541297,0.018537743424620112,0.0006921699804842166,0.014535569590168548,0.013228526923386833,0.00012692187726629054,0.23589150701083722,0.6520628484013145,0.00320869345437744,true,0.01018723458283305
9,1204,0.0005833002015952849,0.019288525737106606,0.0006765629027455198,0.014207820957655918,0.012797988929291116,0.00012692187726629054,0.23589150701083722,0.6520628484013145,0.00320869345437744,true,0.011167567730184574
9,1205,0.0005588337566600984,0.01908816875674048,0.0006440094813547164,0.013524199108449044,0.013631105434236991,0.00012692187726629054,0.23589150701083722,0.6520628484013145,0.00320869345437744,true,0.013121555346079452
9,1206,0.0008052195100179303,0.021105834407748665,0.000671783236867029,0.014107447974207609,0.012652998139269832,0.00012692187726629054,0.23589150701083722,0.6520628484013145,0.00320869345437744,true,0.012648955873720337
9,1207,0.0006562098729574636,0.019885586798994045,0.0006348023221022437,0.013330848764147118,0.013838721865303617,0.00012692187726629054,0.23589150701083722,0.6520628484013145,0.00320869345437744,true,0.011268753187680574
9,1208,0.0005551760796595697,0.019058215850998678,0.0005979029270655722,0.012555961468377015,0.013824270737004131,0.00012692187726629054,0.23589150701083722,0.6520628484013145,0.00320869345437744,true,0.01206038079005904
9,1209,0.0005532486142465194,0.019042431737248525,0.000585363743917131,0.01229263862225975,0.013520677832782385,0.00012692187726629054,0.23589150701083722,0.6520628484013145,0.00320869345437744,true,0.010991484720307214
9,1210,0.0008803816971973066,0.021721341437922714,0.0006350359187403513,0.013335754293547377,0.012139626052580612,0.00012692187726629054,0.23589150701083722,0.6520628484013145,0.00320869345437744,true,0.010146492563595564
10,1211,0.0006959305972451588,0.019766186201869672,0.0005974159710394461,0.012545735391828369,0.012146319771029108,0.0001259499966757217,0.22943557366761683,0.655287176957475,0.003250036519578282,true,0.010872846341465688
10,1212,0.000992311122579197,0.022140847902819547,0.0006530166967927948,0.01371335063264869,0.011137974300879155,0.0001259499966757217,0.22943557366761683,0.655287176957475,0.003250036519578282,true,0.011544992270265937
10,1213,0.0007993758102802955,0.020595010515694883,0.0006166106832367202,0.012948824347971124,0.011208295678848299,0.0001259499966757217,0.22943557366761683,0.655287176957475,0.003250036519578282,true,0.010845485519541074
10,1214,0.000983861377294741,0.022073146806442973,0.0006824986389759332,0.014332471418494596,0.009658949191859004,0.0001259499966757217,0.22943557366761683,0.655287176957475,0.003250036519578282,true,0.01019844735221778
10,1215,0.0007880524311494966,0.02050428527415974,0.0006433348958234309,0.01351003281229205,0.00963067270590825,0.0001259499966757217,0.22943557366761683,0.655287176957475,0.003250036519578282,true,0.010002898950527658
10,1216,0.0006865381120142596,0.01969093167922715,0.0006115117035158273,0.012841745773832373,0.01167631955179214,0.0001259499966757217,0.22943557366761683,0.655287176957475,0.003250036519578282,true,0.01213067606935528
10,1217,0.0005758518155111119,0.01880409031598384,0.000575581879039041,0.01208721945981986,0.011664622379818277,0.0001259499966757217,0.22943557366761683,0.655287176957475,0.003250036519578282,true,0.013795603783913899
10,1218,0.000782505443760072,0.020459841670807354,0.0006283016773926362,0.01319433522524536,0.010340615701740661,0.0001259499966757217,0.22943557366761683,0.655287176957475,0.003250036519578282,true,0.010267339677533177
10,1219,0.0007535565006541691,0.020227896787117422,0.0006299949241395895,0.01322989340693138,0.010290731962333722,0.0001259499966757217,0.22943557366761683,0.655287176957475,0.003250036519578282,true,0.010539992480973827
10,1220,0.0009387829166621461,0.021711968912310583,0.0006908039711725416,0.014506883394623374,0.00872801870406035,0.0001259499966757217,0.22943557366761683,0.655287176957475,0.003250036519578282,true,0.010179028457889275
10,1221,0.000741335080487665,0.020129976256178673,0.0006496696239895477,0.013643062103780502,0.008782836051585644,0.0001259499966757217,0.22943557366761683,0.655287176957475,0.003250036519578282,true,0.008950192945679912
10,1222,0.0006117389697079899,0.019091625573340446,0.0006113562078315666,0.012838480364462898,0.008855033566889776,0.0001259499966757217,0.22943557366761683,0.655287176957475,0.003250036519578282,true,0.0077969957412907
10,1223,0.0005919196023619041,0.018932828727559966,0.0005857645625052204,0.012301055812609627,0.011062665508654534,0.0001259499966757217,0.22943557366761683,0.655287176957475,0.003250036519578282,true,0.010102073571039974
10,1224,0.0009669178675884432,0.021937391923311327,0.0006870720789635619,0.014428513658234799,0.008792797429120019,0.0001259499966757217,0.22943557366761683,0.655287176957475,0.003250036519578282,true,0.010334454966783996
10,1225,0.0007604946758137991,0.02028348687289477,0.0006459385956703615,0.013564710509077593,0.008792751417519158,0.0001259499966757217,0.22943557366761683,0.655287176957475,0.003250036519578282,true,0.010939192781041716
10,1226,0.0008022293310781401,0.020617873510973904,0.0006652096230008201,0.013969402083017224,0.007934188547083615,0.0001259499966757217,0.22943557366761683,0.655287176957475,0.003250036519578282,true,0.009851956250453202
10,1227,0.0006666897293418682,0.019531902356687135,0.0006330249323163369,0.013293523578643076,0.007988019514449319,0.0001259499966757217,0.22943557366761683,0.655287176957475,0.003250036519578282,true,0.009881370586660849
10,1228,0.0007974722751291792,0.02057975900072212,0.0006695129393866202,0.014059771727119023,0.006852348483055111,0.0001259499966757217,0.22943557366761683,0.655287176957475,0.003250036519578282,true,0.010044017424467271
10,1229,0.0006487237564789752,0.01938795528853975,0.0006296638396149169,0.013222940631913255,0.007100181725181324,0.0001259499966757217,0.22943557366761683,0.655287176957475,0.003250036519578282,true,0.010811922611331376
10,1230,0.0005868258008667815,0.01889201614276184,0.0005970034274602104,0.012537071976664418,0.007557338891693217,0.0001259499966757217,0.22943557366761683,0.655287176957475,0.003250036519578282,true,0.013940588620399668
10,1231,0.0005287567129256792,0.018426754671930008,0.0005631141144587394,0.011825396403633528,0.007579675837192471,0.0001259499966757217,0.22943557366761683,0.655287176957475,0.003250036519578282,true,0.013227578163274896
11,1232,0.0004781560874638551,0.017836367339423998,0.0005302110981216406,0.011134433060554453,0.008084462348496631,0.00012677064774428164,0.2228480150155011,0.6587680376944997,0.003130660704249812,true,0.015758064346230824
11,1233,0.0005271944912896862,0.018221215082595808,0.0005293433880410603,0.011116211148862265,0.007734599758623519,0.00012677064774428164,0.2228480150155011,0.6587680376944997,0.003130660704249812,true,0.012973051200043427
11,1234,0.00048716628358416074,0.01790707832044921,0.0005045770556882386,0.01059611816945301,0.008033337253231385,0.00012677064774428164,0.2228480150155011,0.6587680376944997,0.003130660704249812,true,0.014294008849091839
11,1235,0.0005046874997267498,0.01804458280599588,0.0004842262398610027,0.010168751037081055,0.009903268884861666,0.00012677064774428164,0.2228480150155011,0.6587680376944997,0.003130660704249812,true,0.017749772842824033
11,1236,0.0004600545375963859,0.017694308461668723,0.000455262251498351,0.009560507281465371,0.011784004213687131,0.00012677064774428164,0.2228480150155011,0.6587680376944997,0.003130660704249812,true,0.016951818235820214
11,1237,0.0008482350066318226,0.02074070405770505,0.0005574622286032856,0.011706706800668997,0.010747847050181681,0.00012677064774428164,0.2228480150155011,0.6587680376944997,0.003130660704249812,true,0.015817801121048115
11,1238,0.0006893484124486486,0.019493780372977765,0.0005240735423028201,0.01100554438835922,0.010827372232135713,0.00012677064774428164,0.2228480150155011,0.6587680376944997,0.003130660704249812,true,0.014895892019486144
11,1239,0.0006280226007340747,0.019012502468412257,0.0005004434401759314,0.010509312243694561,0.012459612105603831,0.00012677064774428164,0.2228480150155011,0.6587680376944997,0.003130660704249812,true,0.016865346606091715
11,1240,0.0006434973813876253,0.01913394676402493,0.000506815156791471,0.01064311829262089,0.011941992624712957,0.00012677064774428164,0.2228480150155011,0.6587680376944997,0.003130660704249812,true,0.014709641592880436
11,1241,0.000558329052633629,0.01846555553279515,0.0004812521943689077,0.010106296081747061,0.011864608582988415,0.00012677064774428164,0.2228480150155011,0.6587680376944997,0.003130660704249812,true,0.015346000589537485
11,1242,0.0004993333679952953,0.018002564197053934,0.0004559799946456495,0.00957557988755864,0.011989254329272274,0.00012677064774428164,0.2228480150155011,0.6587680376944997,0.003130660704249812,true,0.018219968746200035
11,1243,0.0004892008963261812,0.017923045726826795,0.0004336198071665502,0.009106015950497554,0.01192590116972255,0.00012677064774428164,0.2228480150155011,0.6587680376944997,0.003130660704249812,true,0.020992991458386002
11,1244,0.000916130688955295,0.02127354154984901,0.0005511502623859906,0.011574155510105802,0.009765742079970264,0.00012677064774428164,0.2228480150155011,0.6587680376944997,0.003130660704249812,true,0.015185139236686495
11,1245,0.0007305310495190108,0.01981697696376982,0.0005183425520794149,0.010885193593667714,0.009827314229731236,0.00012677064774428164,0.2228480150155011,0.6587680376944997,0.003130660704249812,true,0.014174435818516833
11,1246,0.0006122230341306807,0.01888850929008605,0.0004873300797032118,0.010233931673767448,0.00989514621367251,0.00012677064774428164,0.2228480150155011,0.6587680376944997,0.003130660704249812,true,0.017365672789356634
11,1247,0.0005419218927827203,0.018336794032667462,0.00046460384576556675,0.009756680761076901,0.00995017798694363,0.00012677064774428164,0.2228480150155011,0.6587680376944997,0.003130660704249812,true,0.015339050497690451
11,1248,0.000507797697639934,0.018068991280871163,0.00044768535975714104,0.009401392554899963,0.009778345141531964,0.00012677064774428164,0.2228480150155011,0.6587680376944997,0.003130660704249812,true,0.01598747602537653
11,1249,0.00047265237968333376,0.017793174874882665,0.0004271534792973236,0.008970223065243796,0.010197269238759106,0.00012677064774428164,0.2228480150155011,0.6587680376944997,0.003130660704249812,true,0.013432160416164305
11,1250,0.0005189494678132025,0.018156509088318482,0.00041671594165855095,0.00875103477482957,0.010259004245023086,0.00012677064774428164,0.2228480150155011,0.6587680376944997,0.003130660704249812,true,0.017105543285198636
11,1251,0.0006242116543942048,0.018982594600622415,0.0004242618333719399,0.008909498500810738,0.009891258357557577,0.00012677064774428164,0.2228480150155011,0.6587680376944997,0.003130660704249812,true,0.017559477177818385
11,1252,0.0005420122169911572,0.0183375028866484,0.00040207723274572046,0.00844362188766013,0.009848935688416332,0.00012677064774428164,0.2228480150155011,0.6587680376944997,0.003130660704249812,true,0.016085200830668653
12,1253,0.000566710030423534,0.01823506336320499,0.0004091236199896524,0.0085915960197827,0.009647947288260638,0.00012421007518801568,0.216164537106388,0.6653225119107868,0.003254940845252027,true,0.012447710758209966
12,1254,0.000557528403151419,0.018163068582217827,0.00039452940320460465,0.008285117467296698,0.009625086454500133,0.00012421007518801568,0.216164537106388,0.6653225119107868,0.003254940845252027,true,0.014085518708743618
12,1255,0.0006158890821521564,0.018620685100335557,0.00039577615961844224,0.008311299351987288,0.00931800326861069,0.00012421007518801568,0.216164537106388,0.6653225119107868,0.003254940845252027,true,0.012965104582645656
12,1256,0.0010397164945300972,0.021943991615203048,0.0004941492954532111,0.010377135204517433,0.0074819748092584916,0.00012421007518801568,0.216164537106388,0.6653225119107868,0.003254940845252027,true,0.011911293591004648
12,1257,0.0012861692176849974,0.023876471479759683,0.0005774340434845549,0.012126114913175652,0.0057403863711795325,0.00012421007518801568,0.216164537106388,0.6653225119107868,0.003254940845252027,true,0.013199376343981061
12,1258,0.0011777035589817374,0.023025972857725063,0.0006101342832599902,0.012812819948459795,0.005241492960413654,0.00012421007518801568,0.216164537106388,0.6653225119107868,0.003254940845252027,true,0.0120802951118807
12,1259,0.000940082637766077,0.021162744731176637,0.0005783567845973643,0.01214549247654465,0.00563257823581848,0.00012421007518801568,0.216164537106388,0.6653225119107868,0.003254940845252027,true,0.012130826463572258
12,1260,0.001073866588562271,0.02221176860806838,0.0006494040803408902,0.013637485687158694,0.005394132602211432,0.00012421007518801568,0.216164537106388,0.6653225119107868,0.003254940845252027,true,0.02007102070855592
12,1261,0.0008469336934516876,0.020432347205079405,0.0006157809896930796,0.012931400783554672,0.007819231400165588,0.00012421007518801568,0.216164537106388,0.6653225119107868,0.003254940845252027,true,0.011106205273876782
12,1262,0.0006933031078201654,0.019227702316143198,0.0005790370347929473,0.012159777730651893,0.01066843771366007,0.00012421007518801568,0.216164537106388,0.6653225119107868,0.003254940845252027,true,0.011373783733553055
12,1263,0.000646819111857753,0.018863212993113748,0.0005553764894212784,0.011662906277846845,0.010540636367043372,0.00012421007518801568,0.216164537106388,0.6653225119107868,0.003254940845252027,true,0.013635978949184054
12,1264,0.000567444034642479,0.018240818821515424,0.0005232513226826577,0.010988277776335811,0.010885065038281022,0.00012421007518801568,0.216164537106388,0.6653225119107868,0.003254940845252027,true,0.012633801787333601
12,1265,0.0005328010812933361,0.017969177230629383,0.0005057943415859944,0.010621681173305881,0.0106956533539159,0.00012421007518801568,0.216164537106388,0.6653225119107868,0.003254940845252027,true,0.01110342529989532
12,1266,0.0004838100570089306,0.017585029850305595,0.00047940231551307685,0.010067448625774614,0.011275542299268979,0.00012421007518801568,0.216164537106388,0.6653225119107868,0.003254940845252027,true,0.0110789756657876
12,1267,0.0004750846952689777,0.017516612728930014,0.0004547961763673305,0.00955071970371394,0.011211507460435872,0.00012421007518801568,0.216164537106388,0.6653225119107868,0.003254940845252027,true,0.011705709485666809
12,1268,0.0004599488838231268,0.017397930125311756,0.00043732388302610546,0.009183801543548215,0.0112286851748997,0.00012421007518801568,0.216164537106388,0.6653225119107868,0.003254940845252027,true,0.01024744755394799
12,1269,0.00043022462727119266,0.017164856915406805,0.00041173222405734743,0.008646376705204297,0.011224131645202357,0.00012421007518801568,0.216164537106388,0.6653225119107868,0.003254940845252027,true,0.010774707195975038
12,1270,0.0004938724966109885,0.01766393123824876,0.00041849297757314615,0.00878835252903607,0.010703749348256313,0.00012421007518801568,0.216164537106388,0.6653225119107868,0.003254940845252027,true,0.011483390193988622
12,1271,0.0004981887185071325,0.017697775505816516,0.00041227917041366293,0.008657862578686922,0.010779371301258056,0.00012421007518801568,0.216164537106388,0.6653225119107868,0.003254940845252027,true,0.012627869278497236
12,1272,0.0005143293978196434,0.017824337458033572,0.0003980265151538146,0.008358556818230107,0.010667921604914579,0.00012421007518801568,0.216164537106388,0.6653225119107868,0.003254940845252027,true,0.014538560240660402
12,1273,0.0004762458071301674,0.01752571721462416,0.000374876673472208,0.007872410142916368,0.010861805607963584,0.00012421007518801568,0.216164537106388,0.6653225119107868,0.003254940845252027,true,0.010635831485893928
13,1274,0.0005341148207585636,0.017707518329470096,0.00037149579026320905,0.00780141159552739,0.010596251271384846,0.00012161509161051646,0.2117490472278486,0.6699208019502809,0.0033712200622313675,true,0.011690336376536803
13,1275,0.0005291962746623558,0.01766890437826894,0.00035778759323611765,0.007513539457958471,0.01063497260032161,0.00012161509161051646,0.2117490472278486,0.6699208019502809,0.0033712200622313675,true,0.011500700987463135
13,1276,0.000486605253804495,0.01733453573175347,0.00034281386709469766,0.0071990912089886505,0.010740178067874279,0.00012161509161051646,0.2117490472278486,0.6699208019502809,0.0033712200622313675,true,0.009335249035743839
13,1277,0.0004720547704216977,0.017220304484489208,0.00033420303291975924,0.007018263691314944,0.010557318000900477,0.00012161509161051646,0.2117490472278486,0.6699208019502809,0.0033712200622313675,true,0.008032018902469861
13,1278,0.0004869727446877805,0.01733742078655554,0.00032258925041837253,0.006774374258785823,0.010436401540295034,0.00012161509161051646,0.2117490472278486,0.6699208019502809,0.0033712200622313675,true,0.0124526916650194
13,1279,0.0006179408494484384,0.018365609992718575,0.0003406465731318261,0.007153578035768347,0.009832580441943638,0.00012161509161051646,0.2117490472278486,0.6699208019502809,0.0033712200622313675,true,0.01254595553346458
13,1280,0.000668857152501906,0.018765337799064807,0.00034850345360117963,0.007318572525624772,0.00960110568055791,0.00012161509161051646,0.2117490472278486,0.6699208019502809,0.0033712200622313675,true,0.014620259983583878
13,1281,0.0008390794588822136,0.020101699338298022,0.0004190352111880537,0.008799739434949128,0.00941645826257833,0.00012161509161051646,0.2117490472278486,0.6699208019502809,0.0033712200622313675,true,0.011407981036194802
13,1282,0.001146913984518732,0.022518410927140266,0.0005447401805666627,0.011439543791899917,0.006941774236335812,0.00012161509161051646,0.2117490472278486,0.6699208019502809,0.0033712200622313675,true,0.01070636630373632
13,1283,0.0014201427815945735,0.02466344387603792,0.0006832110530237846,0.014347432113499476,0.005125277728479134,0.00012161509161051646,0.2117490472278486,0.6699208019502809,0.0033712200622313675,true,0.02155759533246205
13,1284,0.0010982207735049988,0.0221361359139282,0.0006456319857612634,0.013558271700986533,0.005661695296516481,0.00012161509161051646,0.2117490472278486,0.6699208019502809,0.0033712200622313675,true,0.019323016290418757
13,1285,0.0009096476065656408,0.02065570756709248,0.0006287572095165028,0.013203901399846557,0.005621220406424677,0.00012161509161051646,0.2117490472278486,0.6699208019502809,0.0033712200622313675,true,0.017598152781493542
13,1286,0.0007518455088221303,0.019416853161233344,0.0005936051741479013,0.012465708657105926,0.005948902477155498,0.00012161509161051646,0.2117490472278486,0.6699208019502809,0.0033712200622313675,true,0.013979896776733027
13,1287,0.0007281674032037991,0.019230963836014445,0.0005967378348424541,0.012531494531691537,0.0073626007203993525,0.00012161509161051646,0.2117490472278486,0.6699208019502809,0.0033712200622313675,true,0.014297724005245975
13,1288,0.0006096750260547178,0.018300717625153166,0.0005612494742069587,0.011786238958346134,0.0074353316743653655,0.00012161509161051646,0.2117490472278486,0.6699208019502809,0.0033712200622313675,true,0.012013275895356532
13,1289,0.0005899288414741332,0.018145696569562855,0.0005384206458631857,0.0113068335631269,0.007347733601747813,0.00012161509161051646,0.2117490472278486,0.6699208019502809,0.0033712200622313675,true,0.012986048375392
13,1290,0.0005169819558832863,0.017573013621109215,0.0005064899693423623,0.010636289356189607,0.007343064238414361,0.00012161509161051646,0.2117490472278486,0.6699208019502809,0.0033712200622313675,true,0.01108279583729592
13,1291,0.0004740775784992673,0.01723618491152369,0.0004763423203242975,0.010003188726810247,0.0098309373504829,0.00012161509161051646,0.2117490472278486,0.6699208019502809,0.0033712200622313675,true,0.0119475741613291
13,1292,0.0004961001334312402,0.017409077031437677,0.00047119486977984984,0.009895092265376847,0.010721316438891763,0.00012161509161051646,0.2117490472278486,0.6699208019502809,0.0033712200622313675,true,0.010149274924204709
13,1293,0.0004811277122805089,0.017291533284084518,0.00044672029077742173,0.009381126106325856,0.01080448830727921,0.00012161509161051646,0.2117490472278486,0.6699208019502809,0.0033712200622313675,true,0.011358824877277993
13,1294,0.0005104717104237447,0.017521903741163976,0.00043228186274133905,0.00907791911756812,0.010920747524524264,0.00012161509161051646,0.2117490472278486,0.6699208019502809,0.0033712200622313675,true,0.012721698969847662
14,1295,0.0004834378071728842,0.017291782526599235,0.00040952340798146785,0.008599991567610824,0.011003386446981093,0.000122578573890352,0.21644504632112646,0.6637690185886067,0.0033695869949826084,true,0.011720655694791606
14,1296,0.0004656006921409173,0.017153090086183497,0.00039585683362748674,0.008312993506177221,0.010864543367470905,0.000122578573890352,0.21644504632112646,0.6637690185886067,0.0033695869949826084,true,0.012579813537278852
14,1297,0.0005015934835884155,0.017432951940204278,0.0003849112811157446,0.008083136903430637,0.010652458894312537,0.000122578573890352,0.21644504632112646,0.6637690185886067,0.0033695869949826084,true,0.012806176781184831
14,1298,0.0004556223577490985,0.017075503573700652,0.00036280299808111533,0.0076188629597034215,0.010801956690262494,0.000122578573890352,0.21644504632112646,0.6637690185886067,0.0033695869949826084,true,0.008998471837174457
14,1299,0.00042525509681140214,0.01683938301717329,0.00034221823003372057,0.007186582830708132,0.01221231602530441,0.000122578573890352,0.21644504632112646,0.6637690185886067,0.0033695869949826084,true,0.007373090627383229
14,1300,0.00041805442002985286,0.01678339417403984,0.0003228685480691695,0.0067802395094525595,0.01222089597602718,0.000122578573890352,0.21644504632112646,0.6637690185886067,0.0033695869949826084,true,0.00482348742913058
14,1301,0.00047710355025963803,0.01724253052884377,0.00031790362435913874,0.006675976111541914,0.012247538051441558,0.000122578573890352,0.21644504632112646,0.6637690185886067,0.0033695869949826084,true,0.0061585504538440436
14,1302,0.0007850094964556875,0.019636652393277252,0.0003791925266217604,0.007963043059056969,0.010917488154077448,0.000122578573890352,0.21644504632112646,0.6637690185886067,0.0033695869949826084,true,0.013622636584581578
14,1303,0.0006454765149822894,0.018551714067525163,0.0003588070154997959,0.007534947325495714,0.0109490316296634,0.000122578573890352,0.21644504632112646,0.6637690185886067,0.0033695869949826084,true,0.00892418877423565
14,1304,0.0007307883888396137,0.01921505631544513,0.00039944408738952893,0.008388325835180108,0.01060457957035987,0.000122578573890352,0.21644504632112646,0.6637690185886067,0.0033695869949826084,true,0.012100225007072475
14,1305,0.0007029999780619784,0.018998987601467662,0.0004110760921473041,0.008632597935093385,0.010013510409304597,0.000122578573890352,0.21644504632112646,0.6637690185886067,0.0033695869949826084,true,0.00999523689200104
14,1306,0.0006880268965756958,0.01888256444625705,0.0004058461761138727,0.008522769698391327,0.010057321099599562,0.000122578573890352,0.21644504632112646,0.6637690185886067,0.0033695869949826084,true,0.011419225095770466
14,1307,0.0006900151147397429,0.01889802383129529,0.00040372972699327826,0.008478324266858843,0.013886505198930504,0.000122578573890352,0.21644504632112646,0.6637690185886067,0.0033695869949826084,true,0.009482904412668091
14,1308,0.0010950152285535866,0.02204710113739706,0.0005030768091117399,0.010564612991346539,0.011944065422907636,0.000122578573890352,0.21644504632112646,0.6637690185886067,0.0033695869949826084,true,0.010988429555507459
14,1309,0.0008816373942299902,0.02038798235501954,0.0004775719672580482,0.010029011312419013,0.012259770761364017,0.000122578573890352,0.21644504632112646,0.6637690185886067,0.0033695869949826084,true,0.010332410110479095
14,1310,0.0007163263534753994,0.01910260679799531,0.0004545079049741567,0.00954466600445729,0.012781114198430548,0.000122578573890352,0.21644504632112646,0.6637690185886067,0.0033695869949826084,true,0.009704026963324591
14,1311,0.0005990222584075011,0.018190509119274865,0.0004273318311066679,0.008973968453240026,0.012881914943773977,0.000122578573890352,0.21644504632112646,0.6637690185886067,0.0033695869949826084,true,0.010344024355531074
14,1312,0.001134823260817108,0.02235662838621962,0.0005512060571068573,0.011575327199244003,0.010873195048252253,0.000122578573890352,0.21644504632112646,0.6637690185886067,0.0033695869949826084,true,0.009243161767534423
14,1313,0.0011033421112837008,0.022111846791883532,0.000594989527659988,0.012494780080859746,0.009647531156776495,0.000122578573890352,0.21644504632112646,0.6637690185886067,0.0033695869949826084,true,0.010686907695633404
14,1314,0.0008714477037439463,0.020308752443789067,0.0005680775812879984,0.011929629207047966,0.022430119643842544,0.000122578573890352,0.21644504632112646,0.6637690185886067,0.0033695869949826084,true,0.010652535091552656
14,1315,0.0007470562827741468,0.019341547281397933,0.0005533332688559844,0.011619998645975672,0.022110488556896558,0.000122578573890352,0.21644504632112646,0.6637690185886067,0.0033695869949826084,true,0.010670536881579882
15,1316,0.000660993108617422,0.018662064755259555,0.0005282700650766441,0.011093671366609527,0.02318231244931853,0.00012409699672659156,0.22156260016282445,0.6567663751900296,0.003369405849805826,true,0.010983709607434715
15,1317,0.0005800161441141664,0.01804017364708231,0.0004991481065263412,0.010482110237053165,0.02316229091692194,0.00012409699672659156,0.22156260016282445,0.6567663751900296,0.003369405849805826,true,0.01064884799496491
15,1318,0.0005095783343963701,0.017499221688563084,0.0004692800092511658,0.009854880194274482,0.024749887931995597,0.00012409699672659156,0.22156260016282445,0.6567663751900296,0.003369405849805826,true,0.010168108552938645
15,1319,0.00047881864290172437,0.017262991808273776,0.0004510794702854086,0.009472668875993582,0.02555203952044678,0.00012409699672659156,0.22156260016282445,0.6567663751900296,0.003369405849805826,true,0.010949233381098867
15,1320,0.0007014747010524126,0.018972957396575636,0.0005098196740082712,0.010706213154173696,0.02412195665478033,0.00012409699672659156,0.22156260016282445,0.6567663751900296,0.003369405849805826,true,0.011181053723100812
15,1321,0.0005856450865377576,0.018083403092186198,0.00048092870244861337,0.01009950275142088,0.02423965765893989,0.00012409699672659156,0.22156260016282445,0.6567663751900296,0.003369405849805826,true,0.013271310124095955
15,1322,0.0005459627716757581,0.01777864878439074,0.00046807869400067873,0.009829652574014254,0.0240078341792342,0.00012409699672659156,0.22156260016282445,0.6567663751900296,0.003369405849805826,true,0.01247524047138404
15,1323,0.00048268883412931076,0.017292714304370613,0.00044055409824296136,0.009251636063102189,0.025002480271921857,0.00012409699672659156,0.22156260016282445,0.6567663751900296,0.003369405849805826,true,0.009638615634826864
15,1324,0.00047193095051155555,0.01721009534963789,0.00041837950135888174,0.008785969528536516,0.03121557524028731,0.00012409699672659156,0.22156260016282445,0.6567663751900296,0.003369405849805826,true,0.009289131153660302
15,1325,0.0005505359253567061,0.017813769928137678,0.00043477510053885793,0.009130277111316016,0.03216622994280133,0.00012409699672659156,0.22156260016282445,0.6567663751900296,0.003369405849805826,true,0.008422333567403822
15,1326,0.0004864470741759426,0.01732157703195905,0.00040882309484435687,0.008585284991731494,0.03316843414782094,0.00012409699672659156,0.22156260016282445,0.6567663751900296,0.003369405849805826,true,0.008439004735530182
15,1327,0.0004989366073754794,0.017417494799310825,0.00040635700006680023,0.008533497001402804,0.032844182849747265,0.00012409699672659156,0.22156260016282445,0.6567663751900296,0.003369405849805826,true,0.008471920953087799
15,1328,0.0012880469498421359,0.02347774549358059,0.0006339609474688868,0.013313179896846623,0.029474610266021932,0.00012409699672659156,0.22156260016282445,0.6567663751900296,0.003369405849805826,true,0.01389447234897564
15,1329,0.0010146528228283881,0.021378119042271788,0.0006029477697974398,0.012661903165746237,0.03068955643507003,0.00012409699672659156,0.22156260016282445,0.6567663751900296,0.003369405849805826,true,0.009434207987365549
15,1330,0.0008506064115243901,0.020118266871420883,0.0005903929906099889,0.012398252802809767,0.03363141123509671,0.00012409699672659156,0.22156260016282445,0.6567663751900296,0.003369405849805826,true,0.010411099781688268
15,1331,0.000784403188054439,0.019609835908847836,0.0005918402731489729,0.012428645736128431,0.03346617741827518,0.00012409699672659156,0.22156260016282445,0.6567663751900296,0.003369405849805826,true,0.01019019818153706
15,1332,0.0006493574005295196,0.01857270423845577,0.000562472301911601,0.011811918340143621,0.03486295798023069,0.00012409699672659156,0.22156260016282445,0.6567663751900296,0.003369405849805826,true,0.01019019818153706
15,1333,0.0006273238685790732,0.01840348997257438,0.0005577149059321908,0.011712013024576006,0.034852566240190626,0.00012409699672659156,0.22156260016282445,0.6567663751900296,0.003369405849805826,true,0.010506272755038272
15,1334,0.0005397629201079702,0.017731034841516023,0.0005275680120672559,0.011078928253412374,0.036879488878108366,0.00012409699672659156,0.22156260016282445,0.6567663751900296,0.003369405849805826,true,0.013339004656063923
15,1335,0.0031759326607482897,0.03797642847175284,0.0012716566658547935,0.026704789982950665,0.02441720483140239,0.00012409699672659156,0.22156260016282445,0.6567663751900296,0.003369405849805826,true,0.019646317550087153
15,1336,0.0022155151096621365,0.03060056375736448,0.0011955197431320127,0.025105914605772266,0.030276140986622718,0.00012409699672659156,0.22156260016282445,0.6567663751900296,0.003369405849805826,true,0.01933161019267324
16,1337,0.0017899532589926775,0.027168434262834842,0.0011962347844414287,0.025120930473270003,0.029418684890700358,0.00012158665844313098,0.21520890068069162,0.6638615206960761,0.003227994899712651,true,0.014202506243124033
16,1338,0.0013236809766389546,0.02357009766015205,0.0011258336507854435,0.023642506666494312,0.031234910035107272,0.00012158665844313098,0.21520890068069162,0.6638615206960761,0.003227994899712651,true,0.011202640621798397
16,1339,0.0013999078786102194,0.024158359201429412,0.001153620241759141,0.02422602507694196,0.029738569779780896,0.00012158665844313098,0.21520890068069162,0.6638615206960761,0.003227994899712651,true,0.01157521060446095
16,1340,0.0012182859722961797,0.02275673877904486,0.0011424883841499765,0.023992256067149505,0.033647781823612354,0.00012158665844313098,0.21520890068069162,0.6638615206960761,0.003227994899712651,true,0.010099236730484453
16,1341,0.0009326023028698449,0.02055204842237969,0.0010739390811009778,0.022552720703120532,0.03368659908905038,0.00012158665844313098,0.21520890068069162,0.6638615206960761,0.003227994899712651,true,0.00991821474128339
16,1342,0.0007911576509134603,0.019460485643183055,0.0010182630053653312,0.021383523112671953,0.038755331833955894,0.00012158665844313098,0.21520890068069162,0.6638615206960761,0.003227994899712651,true,0.010022713027568604
16,1343,0.0006483548174007994,0.018358441446600066,0.0009592635299600519,0.02014453412916109,0.0436836299760692,0.00012158665844313098,0.21520890068069162,0.6638615206960761,0.003227994899712651,true,0.009817670586808932
16,1344,0.0008143363374061439,0.019639361204019976,0.0009619466096060315,0.020200878801726663,0.04311475678648577,0.00012158665844313098,0.21520890068069162,0.6638615206960761,0.003227994899712651,true,0.010601678767546321
16,1345,0.001906684367182783,0.02806927661432923,0.0012812741601420951,0.026906757362983997,0.036839409972056,0.00012158665844313098,0.21520890068069162,0.6638615206960761,0.003227994899712651,true,0.02215856419485741
16,1346,0.0016867346305652988,0.026371871003972314,0.0013029353619459197,0.027361642600864315,0.0374781936519816,0.00012158665844313098,0.21520890068069162,0.6638615206960761,0.003227994899712651,true,0.030144131664670396
16,1347,0.0015037868517356725,0.024960018500926127,0.001285025992868172,0.02698554585023161,0.03659731182392464,0.00012158665844313098,0.21520890068069162,0.6638615206960761,0.003227994899712651,true,0.03285038710987697
16,1348,0.0011406510240762353,0.02215761100242252,0.0012105326463247657,0.02542118557282008,0.03661994043305521,0.00012158665844313098,0.21520890068069162,0.6638615206960761,0.003227994899712651,true,0.02340939294023574
16,1349,0.0010196940736428932,0.021224156798591035,0.0011877116999278545,0.024941945698484944,0.037646215913247134,0.00012158665844313098,0.21520890068069162,0.6638615206960761,0.003227994899712651,true,0.020973115534917215
16,1350,0.0011381357638201692,0.02213820012730254,0.0011963702472517553,0.02512377519228686,0.036727824741467324,0.00012158665844313098,0.21520890068069162,0.6638615206960761,0.003227994899712651,true,0.011851907015733918
16,1351,0.0015169920495573192,0.025061926224086158,0.0013247214074186466,0.02781914955579158,0.03350553858016175,0.00012158665844313098,0.21520890068069162,0.6638615206960761,0.003227994899712651,true,0.013709586080079952
16,1352,0.0012570407143882277,0.023055818549116966,0.0012721949559398188,0.026716094074736196,0.03325028634611471,0.00012158665844313098,0.21520890068069162,0.6638615206960761,0.003227994899712651,true,0.012560117826724585
16,1353,0.0013347570499617593,0.02365557441174075,0.0012858125374523265,0.027002063286498856,0.031786326981450924,0.00012158665844313098,0.21520890068069162,0.6638615206960761,0.003227994899712651,true,0.017047705252367863
16,1354,0.0010814612502201514,0.021700829122325068,0.0012370312229380692,0.025977655681699453,0.03188254405689417,0.00012158665844313098,0.21520890068069162,0.6638615206960761,0.003227994899712651,true,0.013566524998834926
16,1355,0.0013532744192484578,0.023798477454043346,0.0012877407083278464,0.027042554874884772,0.030583034844755292,0.00012158665844313098,0.21520890068069162,0.6638615206960761,0.003227994899712651,true,0.016900881482858485
16,1356,0.0011526844024683223,0.02225047551005227,0.001238481957537389,0.02600812110828517,0.03363104371055283,0.00012158665844313098,0.21520890068069162,0.6638615206960761,0.003227994899712651,true,0.010796755389883346
16,1357,0.002044156591786324,0.0291301832055297,0.0015158716866268721,0.031833305419164314,0.02819296978163791,0.00012158665844313098,0.21520890068069162,0.6638615206960761,0.003227994899712651,true,0.019893865623401775
17,1358,0.0015585007780726623,0.025289592223628202,0.0014459182455712552,0.03036428315699636,0.028971821101256075,0.00011895790763995078,0.19799575134914654,0.6824948853083385,0.0033066097847782743,true,0.018135250216749096
17,1359,0.001605079974872242,0.025652429812698496,0.0014695096129118954,0.030859701871149805,0.027164068759867613,0.00011895790763995078,0.19799575134914654,0.6824948853083385,0.0033066097847782743,true,0.020155808257299176
17,1360,0.0012475169798475362,0.02286712426924421,0.0013868952308384234,0.02912479984760689,0.02729960614322382,0.00011895790763995078,0.19799575134914654,0.6824948853083385,0.0033066097847782743,true,0.013889709502373334
17,1361,0.0020296763403289935,0.02895990465459459,0.0015963195965143897,0.03352271152680218,0.022464834657112152,0.00011895790763995078,0.19799575134914654,0.6824948853083385,0.0033066097847782743,true,0.02879917377038586
17,1362,0.0015058941476837797,0.024879802784330995,0.0015028694566498082,0.03156025858964597,0.025150634182148298,0.00011895790763995078,0.19799575134914654,0.6824948853083385,0.0033066097847782743,true,0.01611496500784814
17,1363,0.002086828481952828,0.029405102225652388,0.0017255815230755628,0.03623721198458682,0.020124010064653464,0.00011895790763995078,0.19799575134914654,0.6824948853083385,0.0033066097847782743,true,0.028992894717574224
17,1364,0.0026203190423983416,0.03356082928931778,0.001919840825134468,0.04031665732782383,0.016707433544093292,0.00011895790763995078,0.19799575134914654,0.6824948853083385,0.0033066097847782743,true,0.05133595331982353
17,1365,0.0020229395545430656,0.028907427169352268,0.0018307568756949764,0.038445894389594504,0.01734859623506967,0.00011895790763995078,0.19799575134914654,0.6824948853083385,0.0033066097847782743,true,0.046319060496178406
17,1366,0.0015073640960665217,0.024891253229248428,0.0017214350013999165,0.03615013502939825,0.018728763483208063,0.00011895790763995078,0.19799575134914654,0.6824948853083385,0.0033066097847782743,true,0.02365076139920728
17,1367,0.0015389974773010373,0.025137667520818537,0.001755013573523808,0.03685528504399997,0.017514364302100602,0.00011895790763995078,0.19799575134914654,0.6824948853083385,0.0033066097847782743,true,0.022224700363856677
17,1368,0.0011813907015692134,0.022352020939147406,0.0016571266020679693,0.03479965864342736,0.017390807580786063,0.00011895790763995078,0.19799575134914654,0.6824948853083385,0.0033066097847782743,true,0.020056363890530345
17,1369,0.0009298576348897066,0.02039265586297089,0.0015616649355204093,0.0327949636459286,0.019429353503501702,0.00011895790763995078,0.19799575134914654,0.6824948853083385,0.0033066097847782743,true,0.017803726454510983
17,1370,0.0010668996099531946,0.021460170617409846,0.0015793525805832748,0.03316640419224877,0.017967686613127812,0.00011895790763995078,0.19799575134914654,0.6824948853083385,0.0033066097847782743,true,0.015875894396657212
17,1371,0.0009578033810907127,0.020610344614023692,0.001509409204761062,0.0316975932999823,0.0189258643463976,0.00011895790763995078,0.19799575134914654,0.6824948853083385,0.0033066097847782743,true,0.014660687634968285
17,1372,0.0008111812569914573,0.019468203450846332,0.0014256408577990602,0.029938458013780266,0.02041416477948694,0.00011895790763995078,0.19799575134914654,0.6824948853083385,0.0033066097847782743,true,0.013043633381866145
17,1373,0.0007314055831010587,0.01884677553517409,0.0013517441052545852,0.02838662621034629,0.02506264523011099,0.00011895790763995078,0.19799575134914654,0.6824948853083385,0.0033066097847782743,true,0.012335027380470005
17,1374,0.0006350398462882502,0.018096116141784604,0.0012727511759283799,0.026727774694495977,0.025065746962021563,0.00011895790763995078,0.19799575134914654,0.6824948853083385,0.0033066097847782743,true,0.011981114092177022
17,1375,0.0006359612623105155,0.01810329368865146,0.0012305265676321542,0.02584105792027524,0.02508331425634323,0.00011895790763995078,0.19799575134914654,0.6824948853083385,0.0033066097847782743,true,0.011537991930041994
17,1376,0.0007467623986197852,0.018966400395658205,0.0012036557796119536,0.025276771371851026,0.027069970646254327,0.00011895790763995078,0.19799575134914654,0.6824948853083385,0.0033066097847782743,true,0.013261030694738097
17,1377,0.001404321652798328,0.024088584350087306,0.0013423226564923023,0.028188775786338348,0.023791533584551033,0.00011895790763995078,0.19799575134914654,0.6824948853083385,0.0033066097847782743,true,0.013638976765874024
17,1378,0.0011364818609403218,0.022002194909904325,0.0012871975079095951,0.0270311476661015,0.023646128524126942,0.00011895790763995078,0.19799575134914654,0.6824948853083385,0.0033066097847782743,true,0.012378936516568892
18,1379,0.0011687788214878954,0.022446385314876933,0.0012776955967541046,0.026831607531836197,0.022749867297374465,0.00011663782668408405,0.19579585387681803,0.6884423427655239,0.003359976910439734,true,0.013540699394419476
18,1380,0.00092225673886218,0.02047760695426646,0.0012029151825404662,0.02526121883334979,0.026520997632208634,0.00011663782668408405,0.19579585387681803,0.6884423427655239,0.003359976910439734,true,0.00991538225119261
18,1381,0.0007785644815519761,0.019330049689755133,0.001144428709290652,0.024033002895103694,0.027418227476706858,0.00011663782668408405,0.19579585387681803,0.6884423427655239,0.003359976910439734,true,0.008887086816496175
18,1382,0.0006545915949390619,0.018339975559818096,0.0010783147770927844,0.02264461031894847,0.03305749899721285,0.00011663782668408405,0.19579585387681803,0.6884423427655239,0.003359976910439734,true,0.00987494577468563
18,1383,0.0011716442630220467,0.022469269347114306,0.0011770928978956682,0.02471895085580903,0.030506881162982242,0.00011663782668408405,0.19579585387681803,0.6884423427655239,0.003359976910439734,true,0.011984382396979635
18,1384,0.0009442436101405416,0.02065319883605373,0.001117754110796981,0.023472836326736603,0.03803439766825475,0.00011663782668408405,0.19579585387681803,0.6884423427655239,0.003359976910439734,true,0.009680498251670618
18,1385,0.0011234800183167531,0.022084619332312597,0.0011434884663589905,0.0240132577935388,0.03648810203862752,0.00011663782668408405,0.19579585387681803,0.6884423427655239,0.003359976910439734,true,0.010430429216215769
18,1386,0.0011461937600397906,0.0222660161577674,0.0011394554199046102,0.023928563817996813,0.04158993867744715,0.00011663782668408405,0.19579585387681803,0.6884423427655239,0.003359976910439734,true,0.01057718901597635
18,1387,0.0012289108106310388,0.022926612310140582,0.0011544216678452761,0.0242428550247508,0.041492297433788995,0.00011663782668408405,0.19579585387681803,0.6884423427655239,0.003359976910439734,true,0.015461965926849671
18,1388,0.0012167058565360292,0.02282914092235022,0.0011491570891159987,0.024132298871435972,0.04054045665631551,0.00011663782668408405,0.19579585387681803,0.6884423427655239,0.003359976910439734,true,0.011330079042231982
18,1389,0.0009565941500523027,0.020751832903481468,0.0010802081034457561,0.022684370172360878,0.042461356946691925,0.00011663782668408405,0.19579585387681803,0.6884423427655239,0.003359976910439734,true,0.010033385884983618
18,1390,0.0012498502693676621,0.023093839330148157,0.0011416743021784672,0.02397516034574781,0.04383982329688226,0.00011663782668408405,0.19579585387681803,0.6884423427655239,0.003359976910439734,true,0.013456303140807828
18,1391,0.0010304538471160645,0.0213416923260191,0.001096861371819416,0.023034088808207735,0.043736617315133904,0.00011663782668408405,0.19579585387681803,0.6884423427655239,0.003359976910439734,true,0.010112339087144814
18,1392,0.001145582748804249,0.022261136490656804,0.0011133581325192222,0.023380520782903667,0.04245305758909613,0.00011663782668408405,0.19579585387681803,0.6884423427655239,0.003359976910439734,true,0.010637576245511541
18,1393,0.0011684414049763245,0.022443690634062062,0.0011426508758770914,0.02399566839341892,0.04229146268168869,0.00011663782668408405,0.19579585387681803,0.6884423427655239,0.003359976910439734,true,0.009353245539157964
18,1394,0.0017798360980820624,0.02732642011921811,0.0013646423492853779,0.028657489334992934,0.038419745082802534,0.00011663782668408405,0.19579585387681803,0.6884423427655239,0.003359976910439734,true,0.01432730240975086
18,1395,0.0013435187866253546,0.02384189625017426,0.0012850616292319592,0.026986294213871144,0.03882721060077379,0.00011663782668408405,0.19579585387681803,0.6884423427655239,0.003359976910439734,true,0.011882401734159541
18,1396,0.0011267661332671716,0.02211086295290818,0.0012431524313968186,0.02610620105933319,0.03935338216762338,0.00011663782668408405,0.19579585387681803,0.6884423427655239,0.003359976910439734,true,0.011708908246623845
18,1397,0.0015060264657526918,0.025139717519130057,0.001334723474945404,0.028029192973853485,0.04170522076586907,0.00011663782668408405,0.19579585387681803,0.6884423427655239,0.003359976910439734,true,0.01479480694243999
18,1398,0.0011817066911629511,0.022549630061935493,0.0012688200664035477,0.026645221394474502,0.04152601842595634,0.00011663782668408405,0.19579585387681803,0.6884423427655239,0.003359976910439734,true,0.010532109855626703
18,1399,0.0009649044843901723,0.020818201020445157,0.0012093807696007205,0.025396996161615133,0.045790457017304456,0.00011663782668408405,0.19579585387681803,0.6884423427655239,0.003359976910439734,true,0.010882395338715562
19,1400,0.0008128611351684951,0.01963184575897406,0.0011507721891386138,0.02416621597191089,0.04580092440452927,0.00011618696582556742,0.19440671573553336,0.6905946057827771,0.0032882209482196427,true,0.012190302678058321
19,1401,0.0013400371580136305,0.023863597839847314,0.001309874999471955,0.027507374988911055,0.04262021320315337,0.00011618696582556742,0.19440671573553336,0.6905946057827771,0.0032882209482196427,true,0.01380227574886948
19,1402,0.0013053803826782416,0.023585400663218566,0.0012988047278761452,0.02727489928539905,0.0427524739704821,0.00011618696582556742,0.19440671573553336,0.6905946057827771,0.0032882209482196427,true,0.0165023838779361
19,1403,0.002220728718827155,0.030933093005743664,0.0015617845257935078,0.032797475041663665,0.042577064401902315,0.00011618696582556742,0.19440671573553336,0.6905946057827771,0.0032882209482196427,true,0.021536224650171028
19,1404,0.0016688742265171055,0.02650324169428079,0.0014785173916205116,0.031048865224030744,0.04652345441592414,0.00011618696582556742,0.19440671573553336,0.6905946057827771,0.0032882209482196427,true,0.01932672064618337
19,1405,0.0026584726055726374,0.03444695464464623,0.001852744125214685,0.038907626629508384,0.038927988580604436,0.00011618696582556742,0.19440671573553336,0.6905946057827771,0.0032882209482196427,true,0.019528191134615566
19,1406,0.001953514868730952,0.02878811160070935,0.0017416013421339986,0.036573628184813974,0.043270139603290764,0.00011618696582556742,0.19440671573553336,0.6905946057827771,0.0032882209482196427,true,0.018948552479756457
19,1407,0.0027689330718601076,0.03533364388658762,0.002007791721462295,0.04216362615070819,0.03720368488191241,0.00011618696582556742,0.19440671573553336,0.6905946057827771,0.0032882209482196427,true,0.02136225083531654
19,1408,0.0023274689694441964,0.03178991929921546,0.0019647993166900107,0.041260785650490225,0.035974624534733435,0.00011618696582556742,0.19440671573553336,0.6905946057827771,0.0032882209482196427,true,0.024305405305103077
19,1409,0.001761652512482702,0.02724799238035306,0.0018538016323816403,0.038929834280014446,0.03702466838149459,0.00011618696582556742,0.19440671573553336,0.6905946057827771,0.0032882209482196427,true,0.02063545724638859
19,1410,0.0017643485307316568,0.027269633882129857,0.001857827991538044,0.03901438782229892,0.043869909848334346,0.00011618696582556742,0.19440671573553336,0.6905946057827771,0.0032882209482196427,true,0.035484119687333365
19,1411,0.0019384241022098619,0.02866697486485603,0.0019553449779966385,0.04106224453792941,0.040655883357867885,0.00011618696582556742,0.19440671573553336,0.6905946057827771,0.0032882209482196427,true,0.02880630869622537
19,1412,0.0014918088959559987,0.025081901290731005,0.0018555194481835956,0.03896590841185551,0.04071969370550815,0.00011618696582556742,0.19440671573553336,0.6905946057827771,0.0032882209482196427,true,0.02018993708304096
19,1413,0.0011536697824046356,0.022367587977175828,0.001749483140739284,0.036739145955524966,0.040867601341688375,0.00011618696582556742,0.19440671573553336,0.6905946057827771,0.0032882209482196427,true,0.018431043992620865
19,1414,0.0012434634496390697,0.023088380505101896,0.0017309126891595025,0.03634916647234955,0.040603532263395636,0.00011618696582556742,0.19440671573553336,0.6905946057827771,0.0032882209482196427,true,0.021431333836956095
19,1415,0.0011259114107371815,0.02214476572810721,0.0016853053978376751,0.03539141335459118,0.03984876148423731,0.00011618696582556742,0.19440671573553336,0.6905946057827771,0.0032882209482196427,true,0.017055884967310583
19,1416,0.0010094897241532477,0.021210224525338845,0.0016109328259493938,0.033829589344937266,0.039855021663796314,0.00011618696582556742,0.19440671573553336,0.6905946057827771,0.0032882209482196427,true,0.015874342578149386
19,1417,0.0010744106999342699,0.021731358762193863,0.0015810416503221829,0.03320187465676584,0.0393167984340797,0.00011618696582556742,0.19440671573553336,0.6905946057827771,0.0032882209482196427,true,0.01975565121701324
19,1418,0.0019473548622999973,0.028738663942047448,0.001793449656629988,0.03766244278922975,0.03707319053528642,0.00011618696582556742,0.19440671573553336,0.6905946057827771,0.0032882209482196427,true,0.03138371742240434
19,1419,0.0014645647985226033,0.024863207228389035,0.0016892705367922928,0.03547468127263815,0.0406846869544898,0.00011618696582556742,0.19440671573553336,0.6905946057827771,0.0032882209482196427,true,0.022182012039582213
19,1420,0.0019266524674756273,0.028572481493338426,0.001860470527247028,0.03906988107218759,0.03620910685437701,0.00011618696582556742,0.19440671573553336,0.6905946057827771,0.0032882209482196427,true,0.024371916831104026
20,1421,0.0015157756652127259,0.02533007618958715,0.001763424604559632,0.03703191669575227,0.03808468168174471,0.00011341576569923294,0.18869224271432222,0.6989117280282036,0.003167791486393984,true,0.022305286916346437
20,1422,0.0013218363510841822,0.023745673843291362,0.001694925597885158,0.03559343755558832,0.040313632584877954,0.00011341576569923294,0.18869224271432222,0.6989117280282036,0.003167791486393984,true,0.021652250232537792
20,1423,0.0013188567200702142,0.023721331515430506,0.0016686879364242798,0.035042446664909875,0.03941789992623567,0.00011341576569923294,0.18869224271432222,0.6989117280282036,0.003167791486393984,true,0.021176621933305818
20,1424,0.001987376791873216,0.02918285835989723,0.0018989501677139672,0.03987795352199331,0.03493476741552943,0.00011341576569923294,0.18869224271432222,0.6989117280282036,0.003167791486393984,true,0.024572949695300057
20,1425,0.002205057788090739,0.03096122022892215,0.0020322364958670533,0.04267696641320812,0.0327061158053598,0.00011341576569923294,0.18869224271432222,0.6989117280282036,0.003167791486393984,true,0.022170570452803517
20,1426,0.0016660192864744023,0.02655750316648776,0.0019175121330872512,0.04026775479483227,0.03318114731735328,0.00011341576569923294,0.18869224271432222,0.6989117280282036,0.003167791486393984,true,0.019719346085301293
20,1427,0.0020203295136386685,0.02945206818935661,0.0020630123308953904,0.0433232589488032,0.029194795601206566,0.00011341576569923294,0.18869224271432222,0.6989117280282036,0.003167791486393984,true,0.023939329885785444
20,1428,0.0015357772050995965,0.025493480329014405,0.0019459307676153018,0.04086454611992134,0.030158116988271484,0.00011341576569923294,0.18869224271432222,0.6989117280282036,0.003167791486393984,true,0.02228123596576286
20,1429,0.001209844682124748,0.02283074917284883,0.0018329063992430982,0.03849103438410506,0.03398652859697441,0.00011341576569923294,0.18869224271432222,0.6989117280282036,0.003167791486393984,true,0.020088489881617842
20,1430,0.0012214900723286823,0.022925887095995315,0.0017928249207872118,0.03764932333653145,0.0339544623334655,0.00011341576569923294,0.18869224271432222,0.6989117280282036,0.003167791486393984,true,0.019451014470749952
20,1431,0.0025111977153609195,0.033462254231446276,0.0022112243706496676,0.046435711783643016,0.025573920355647855,0.00011341576569923294,0.18869224271432222,0.6989117280282036,0.003167791486393984,true,0.022473991619569113
20,1432,0.0019407993240395888,0.028802340105247723,0.0020946959849335767,0.04398861568360511,0.028622811959039356,0.00011341576569923294,0.18869224271432222,0.6989117280282036,0.003167791486393984,true,0.01805246639012429
20,1433,0.0015162801883013622,0.025334197930292422,0.001990338015562734,0.04179709832681742,0.02866952921819676,0.00011341576569923294,0.18869224271432222,0.6989117280282036,0.003167791486393984,true,0.01721808906728036
20,1434,0.0012012446702503975,0.022760490705383787,0.001885087052246487,0.03958682809717623,0.03356090957509598,0.00011341576569923294,0.18869224271432222,0.6989117280282036,0.003167791486393984,true,0.01721808906728036
20,1435,0.001217752339531265,0.0228953513965129,0.0018425362212787096,0.038693260646852905,0.036540650801320775,0.00011341576569923294,0.18869224271432222,0.6989117280282036,0.003167791486393984,true,0.019642050846544846
20,1436,0.0010247426944139744,0.021318544053681603,0.00174494527128023,0.036643850696884826,0.039007589947684156,0.00011341576569923294,0.18869224271432222,0.6989117280282036,0.003167791486393984,true,0.016300266679831567
20,1437,0.0009422239341139041,0.020644400608241787,0.0016673699177589356,0.035014768272937646,0.038568001137498864,0.00011341576569923294,0.18869224271432222,0.6989117280282036,0.003167791486393984,true,0.016266328144511854
20,1438,0.0008535941211047881,0.019920332441277323,0.0016017991228401557,0.03363778157964327,0.03933763713510302,0.00011341576569923294,0.18869224271432222,0.6989117280282036,0.003167791486393984,true,0.017829247121186286
20,1439,0.001318999660170834,0.023722499275726137,0.001678345206869285,0.035245249344254985,0.04225124802776059,0.00011341576569923294,0.18869224271432222,0.6989117280282036,0.003167791486393984,true,0.029186506119879885
20,1440,0.0018018241203063066,0.027666971343831958,0.0017977621391694343,0.03775300492255812,0.0386637802353739,0.00011341576569923294,0.18869224271432222,0.6989117280282036,0.003167791486393984,true,0.028399696795866472
20,1441,0.001397059230614079,0.024360213021991865,0.0016939178274747737,0.03557227437697025,0.047989818777005554,0.00011341576569923294,0.18869224271432222,0.6989117280282036,0.003167791486393984,true,0.028326204656044112
21,1442,0.0015725385091333594,0.026568078636087594,0.001719399556415775,0.036107390684731275,0.04726599288952736,0.00010922896220510115,0.1899720994731383,0.7059697262630595,0.0031503036887384644,true,0.029988985760528133
21,1443,0.001826744414173066,0.028767899404642958,0.0017872791068179275,0.03753286124317648,0.047596959495364737,0.00010922896220510115,0.1899720994731383,0.7059697262630595,0.0031503036887384644,true,0.03668732911758792
21,1444,0.001492261350121217,0.025873384460482398,0.001701756275302546,0.035736881781353466,0.04800464893531064,0.00010922896220510115,0.1899720994731383,0.7059697262630595,0.0031503036887384644,true,0.030219335831130605
21,1445,0.0013207081625395667,0.024388815229507844,0.0016610464556171625,0.03488197556796041,0.055160192988218955,0.00010922896220510115,0.1899720994731383,0.7059697262630595,0.0031503036887384644,true,0.022801518715339277
21,1446,0.001454931441530693,0.025550342758548367,0.001674887909885879,0.035172646107603456,0.05390754034183084,0.00010922896220510115,0.1899720994731383,0.7059697262630595,0.0031503036887384644,true,0.03163812160278489
21,1447,0.0012221210886695373,0.023535672606497113,0.0016101063529845557,0.03381223341267567,0.05596806276510669,0.00010922896220510115,0.1899720994731383,0.7059697262630595,0.0031503036887384644,true,0.02324639937954037
21,1448,0.0010189669790920148,0.02177763858523313,0.0015348697946300544,0.03223226568723114,0.060595900249619326,0.00010922896220510115,0.1899720994731383,0.7059697262630595,0.0031503036887384644,true,0.019456594163216902
21,1449,0.0010739331145193647,0.022253298842855488,0.0015072760667497812,0.031652797401745404,0.0596402032924849,0.00010922896220510115,0.1899720994731383,0.7059697262630595,0.0031503036887384644,true,0.020197520015058056
21,1450,0.0016830433388445208,0.02752435390194468,0.001650275676951684,0.03465578921598537,0.05639636831090866,0.00010922896220510115,0.1899720994731383,0.7059697262630595,0.0031503036887384644,true,0.02525379375573263
21,1451,0.0015547810918686243,0.02641441133520894,0.001619228066022748,0.034003789386477704,0.055411076337378615,0.00010922896220510115,0.1899720994731383,0.7059697262630595,0.0031503036887384644,true,0.025302713319008352
21,1452,0.0012584931363429322,0.0238504252706979,0.001545210808502012,0.03244942697854225,0.05705295927919979,0.00010922896220510115,0.1899720994731383,0.7059697262630595,0.0031503036887384644,true,0.019421491492935587
21,1453,0.0016988412538742111,0.02766106426505272,0.0016515767327182705,0.03468311138708368,0.0561925685544981,0.00010922896220510115,0.1899720994731383,0.7059697262630595,0.0031503036887384644,true,0.03470695956808662
21,1454,0.0014108371727908037,0.025168764336390474,0.0015766089540297905,0.0331087880346256,0.05832233818641075,0.00010922896220510115,0.1899720994731383,0.7059697262630595,0.0031503036887384644,true,0.028271419337277472
21,1455,0.0019955023383884892,0.03022827927461251,0.0017896645558194734,0.03758295567220894,0.05593871095363841,0.00010922896220510115,0.1899720994731383,0.7059697262630595,0.0031503036887384644,true,0.02928679845458081
21,1456,0.002386495584306677,0.03361181618576866,0.0019316235482108048,0.0405640945124269,0.05183807101543746,0.00010922896220510115,0.1899720994731383,0.7059697262630595,0.0031503036887384644,true,0.02613989485947846
21,1457,0.0022435971823248687,0.032375216774657996,0.0019767037073782022,0.04151077785494225,0.04951732014454539,0.00010922896220510115,0.1899720994731383,0.7059697262630595,0.0031503036887384644,true,0.024759519998668933
21,1458,0.0016931674898134855,0.027611965232460546,0.0018588475190799124,0.03903579790067816,0.05401104506371195,0.00010922896220510115,0.1899720994731383,0.7059697262630595,0.0031503036887384644,true,0.022859625191179483
21,1459,0.0015179089517807765,0.02609533102299644,0.0018279662279381233,0.03838729078670059,0.05473976072825408,0.00010922896220510115,0.1899720994731383,0.7059697262630595,0.0031503036887384644,true,0.02293952212305383
21,1460,0.0023739612032316437,0.033503347455250625,0.0020657589392208287,0.0433809377236374,0.04896096910238807,0.00010922896220510115,0.1899720994731383,0.7059697262630595,0.0031503036887384644,true,0.03379872493558353
21,1461,0.0018132601933916678,0.028651211049515752,0.0019466829800366837,0.040880342580770355,0.04893493706844705,0.00010922896220510115,0.1899720994731383,0.7059697262630595,0.0031503036887384644,true,0.022927268901036576
21,1462,0.0032916456312506825,0.04144471004248401,0.0023934657303878878,0.05026278033814564,0.03976084770944543,0.00010922896220510115,0.1899720994731383,0.7059697262630595,0.0031503036887384644,true,0.031224447213186835
22,1463,0.002665865932228821,0.03674454937702504,0.002333545031905411,0.04900444567001363,0.039435614929900956,0.00010495427937702802,0.18578167073710689,0.7155569853654133,0.003149432119798696,true,0.025045518838406083
22,1464,0.0026714837153906748,0.03679506158799899,0.002384433850128427,0.050073110852696966,0.040018000345129465,0.00010495427937702802,0.18578167073710689,0.7155569853654133,0.003149432119798696,true,0.031363753085873726
22,1465,0.002193834635010498,0.03250028722157171,0.00228754310041117,0.048038405108634566,0.04587495696306746,0.00010495427937702802,0.18578167073710689,0.7155569853654133,0.003149432119798696,true,0.03532059219279191
22,1466,0.0030902521870279447,0.040560411865705324,0.0026410187143937687,0.05546139300226914,0.037840312838607976,0.00010495427937702802,0.18578167073710689,0.7155569853654133,0.003149432119798696,true,0.02515022919329487
22,1467,0.002466361942199028,0.0349507123163571,0.0025209026743526017,0.052938956161404635,0.03902533599190096,0.00010495427937702802,0.18578167073710689,0.7155569853654133,0.003149432119798696,true,0.023811985498727845
22,1468,0.0023046978429697535,0.03349711205235404,0.0025289915769798267,0.05310882311657636,0.03969434334665082,0.00010495427937702802,0.18578167073710689,0.7155569853654133,0.003149432119798696,true,0.02348390354113407
22,1469,0.0027644898446609416,0.037631324770150694,0.0026762921542563675,0.056202135239383715,0.03502453404583657,0.00010495427937702802,0.18578167073710689,0.7155569853654133,0.003149432119798696,true,0.023703000284712464
22,1470,0.0020943262112115457,0.03160555875808306,0.00252287126737045,0.052980296614779446,0.03669386471221027,0.00010495427937702802,0.18578167073710689,0.7155569853654133,0.003149432119798696,true,0.022272530871554484
22,1471,0.0017553248485931634,0.028557433215376016,0.002410305066640538,0.050616406399451294,0.03620367277951224,0.00010495427937702802,0.18578167073710689,0.7155569853654133,0.003149432119798696,true,0.02639514654943933
22,1472,0.0013760258296722134,0.02514697191525976,0.0022745381739184677,0.047765301652287824,0.03612480841946041,0.00010495427937702802,0.18578167073710689,0.7155569853654133,0.003149432119798696,true,0.023743927919826
22,1473,0.0015207843917037106,0.026448566301328528,0.0022597152864332593,0.04745402101509844,0.037018121857029934,0.00010495427937702802,0.18578167073710689,0.7155569853654133,0.003149432119798696,true,0.03003737259029209
22,1474,0.0015935670534576486,0.027102990486071777,0.0022715874984915417,0.04770333746832238,0.03478915552656527,0.00010495427937702802,0.18578167073710689,0.7155569853654133,0.003149432119798696,true,0.02217253159949802
22,1475,0.0016585799980536153,0.027687553378382756,0.0022872052517714245,0.04803131028719992,0.0351748357913483,0.00010495427937702802,0.18578167073710689,0.7155569853654133,0.003149432119798696,true,0.024450534535380708
22,1476,0.001742074916985497,0.028438296658931217,0.002314607441730269,0.04860675627633565,0.03321029105906608,0.00010495427937702802,0.18578167073710689,0.7155569853654133,0.003149432119798696,true,0.023583625681585854
22,1477,0.0013722495077777214,0.02511301717497442,0.0021790314646748955,0.0457596607581728,0.033777864771882486,0.00010495427937702802,0.18578167073710689,0.7155569853654133,0.003149432119798696,true,0.02294109730911465
22,1478,0.001178282731729584,0.02336896788873475,0.0020700220966009234,0.04347046402861939,0.03525270924053419,0.00010495427937702802,0.18578167073710689,0.7155569853654133,0.003149432119798696,true,0.031502095668421576
22,1479,0.0017085331773391648,0.028136706622321518,0.002216190300099264,0.04653999630208454,0.03164138084306262,0.00010495427937702802,0.18578167073710689,0.7155569853654133,0.003149432119798696,true,0.02356245981639619
22,1480,0.0017677305242194577,0.0286689786571376,0.002207591381968842,0.04635941902134568,0.029690216069749215,0.00010495427937702802,0.18578167073710689,0.7155569853654133,0.003149432119798696,true,0.02480580241616131
22,1481,0.0013698916387979525,0.0250918164322751,0.0020758790864577434,0.04359346081561261,0.03188631799845992,0.00010495427937702802,0.18578167073710689,0.7155569853654133,0.003149432119798696,true,0.02758033590480206
22,1482,0.001088585663802655,0.022562458080802858,0.0019546339964029223,0.04104731392446137,0.031832782950319896,0.00010495427937702802,0.18578167073710689,0.7155569853654133,0.003149432119798696,true,0.02621992061243456
22,1483,0.0009437397437078367,0.021260078216050134,0.001850494324232054,0.038860380808873135,0.033574490470306965,0.00010495427937702802,0.18578167073710689,0.7155569853654133,0.003149432119798696,true,0.025644084101722545
23,1484,0.0010377502440006067,0.022635655352842537,0.001803637943346259,0.03787639681027144,0.032526378279517376,0.00010080972087326855,0.18736000371684638,0.7219199396515661,0.003051601508775286,true,0.031253561282831445
23,1485,0.0016271204844476013,0.02825050863206694,0.001921264311796535,0.040346550547727233,0.028791701151302238,0.00010080972087326855,0.18736000371684638,0.7219199396515661,0.003051601508775286,true,0.031658766300828166
23,1486,0.0026118393105384694,0.03763179623423181,0.0022035811314554715,0.046275203760564904,0.022350755919568255,0.00010080972087326855,0.18736000371684638,0.7219199396515661,0.003051601508775286,true,0.041390029065119606
23,1487,0.0020013734783183115,0.031815968008334,0.002080015816107843,0.0436803321382647,0.022834316133663473,0.00010080972087326855,0.18736000371684638,0.7219199396515661,0.003051601508775286,true,0.046724023343758414
23,1488,0.001840312510478202,0.03028156121041658,0.002064661339161411,0.04335788812238963,0.021463020542959232,0.00010080972087326855,0.18736000371684638,0.7219199396515661,0.003051601508775286,true,0.04179708556694091
23,1489,0.0021199677446644394,0.03294580008941387,0.002140265163185099,0.04494556842688707,0.02103933594210124,0.00010080972087326855,0.18736000371684638,0.7219199396515661,0.003051601508775286,true,0.03673211452734056
23,1490,0.001671599455541095,0.028674253978475034,0.0020307007672404676,0.04264471611204982,0.022919964851072294,0.00010080972087326855,0.18736000371684638,0.7219199396515661,0.003051601508775286,true,0.03286777906877058
23,1491,0.001596068386963699,0.027954679356309735,0.002016175203557926,0.04233967927471645,0.021315069046689252,0.00010080972087326855,0.18736000371684638,0.7219199396515661,0.003051601508775286,true,0.03255754060490245
23,1492,0.00129843274433268,0.02511914347520829,0.0019045992506948833,0.03999658426459255,0.022867609675659824,0.00010080972087326855,0.18736000371684638,0.7219199396515661,0.003051601508775286,true,0.034281730017576416
23,1493,0.0010622580404967758,0.022869137928105777,0.001794442845326443,0.037683299751855304,0.02309410483258735,0.00010080972087326855,0.18736000371684638,0.7219199396515661,0.003051601508775286,true,0.028347628081128423
23,1494,0.0013548618511637475,0.025656736203497087,0.0018620244838109274,0.039102514160029474,0.02102978150211315,0.00010080972087326855,0.18736000371684638,0.7219199396515661,0.003051601508775286,true,0.028060901251662846
23,1495,0.0011407801815844728,0.023617208107291603,0.00176402016419867,0.03704442344817207,0.026170844094745918,0.00010080972087326855,0.18736000371684638,0.7219199396515661,0.003051601508775286,true,0.02891003635654718
23,1496,0.0015345065097080303,0.027368187394784766,0.0018332327734231068,0.03849788824188524,0.023370913534663425,0.00010080972087326855,0.18736000371684638,0.7219199396515661,0.003051601508775286,true,0.03349520427520581
23,1497,0.0013882899780109518,0.025975201600569056,0.0017700006281459169,0.037170013191064256,0.022689641670190903,0.00010080972087326855,0.18736000371684638,0.7219199396515661,0.003051601508775286,true,0.0381219096954862
23,1498,0.0012499676041975909,0.024657422417135883,0.0017011554826745887,0.03572426513616636,0.022297792651977857,0.00010080972087326855,0.18736000371684638,0.7219199396515661,0.003051601508775286,true,0.035110373134619136
23,1499,0.0013981325126558191,0.026068970142198677,0.0017093093416397373,0.03589549617443449,0.02048188714607568,0.00010080972087326855,0.18736000371684638,0.7219199396515661,0.003051601508775286,true,0.0530347146673814
23,1500,0.0012453434197463237,0.024613368416020652,0.0016604406065874548,0.03486925273833655,0.019971858455640396,0.00010080972087326855,0.18736000371684638,0.7219199396515661,0.003051601508775286,true,0.041572031651730346
23,1501,0.0010117810237680273,0.02238824998457825,0.0015681167836689364,0.03293045245704766,0.020135750370638323,0.00010080972087326855,0.18736000371684638,0.7219199396515661,0.003051601508775286,true,0.027444142758402363
23,1502,0.0011930236613734275,0.024114924913604438,0.001606539079778475,0.03373732067534797,0.018067242850205934,0.00010080972087326855,0.18736000371684638,0.7219199396515661,0.003051601508775286,true,0.028579015347216925
23,1503,0.0009655634594166508,0.021947941287350385,0.0015102422872360077,0.03171508803195616,0.022297777401299557,0.00010080972087326855,0.18736000371684638,0.7219199396515661,0.003051601508775286,true,0.027664111911735425
23,1504,0.0012176005706338016,0.024349065917142643,0.0015372685688143791,0.032282639945101964,0.02198104598912414,0.00010080972087326855,0.18736000371684638,0.7219199396515661,0.003051601508775286,true,0.029870502973758293
24,1505,0.0009922167743926407,0.022128282507071065,0.0014463190018062693,0.030372699037931654,0.025264329364270373,9.924161617808293e-5,0.1841190787660243,0.7261073659327885,0.00306542147344573,true,0.023445699087480558
24,1506,0.0008207201995206344,0.02048295827611296,0.0013613038790560362,0.02858738146017676,0.025308921479067912,9.924161617808293e-5,0.1841190787660243,0.7261073659327885,0.00306542147344573,true,0.02317029994875247
24,1507,0.0007156968594072226,0.01947537286845269,0.0012907616107753633,0.02710599382628263,0.02687561266956187,9.924161617808293e-5,0.1841190787660243,0.7261073659327885,0.00306542147344573,true,0.019652150054336757
24,1508,0.0007079381750284356,0.019400936679751533,0.0012509790795142543,0.02627056066979934,0.026540887654490905,9.924161617808293e-5,0.1841190787660243,0.7261073659327885,0.00306542147344573,true,0.018404341595688486
24,1509,0.0006743619698110751,0.019078809289924795,0.0012030890713211828,0.025264870497744837,0.026153225676916053,9.924161617808293e-5,0.1841190787660243,0.7261073659327885,0.00306542147344573,true,0.01726214392550208
24,1510,0.0010639689188560082,0.022816666761957167,0.001304966155363805,0.027404289262639905,0.024107070775417135,9.924161617808293e-5,0.1841190787660243,0.7261073659327885,0.00306542147344573,true,0.022203065378801613
24,1511,0.001224752505583324,0.02435921145347793,0.0013583574344267148,0.028525506122961012,0.02246958545890321,9.924161617808293e-5,0.1841190787660243,0.7261073659327885,0.00306542147344573,true,0.021682429394259482
24,1512,0.0010087986111468135,0.02228736730410444,0.001287878722450016,0.027045453171450334,0.02483331308268223,9.924161617808293e-5,0.1841190787660243,0.7261073659327885,0.00306542147344573,true,0.021382230443242833
24,1513,0.0011948152848134021,0.024071996185318457,0.0013131529961916825,0.027576212920025333,0.02530846571298758,9.924161617808293e-5,0.1841190787660243,0.7261073659327885,0.00306542147344573,true,0.021180555391758206
24,1514,0.0010422724039288525,0.022608512157332346,0.0012520730755090858,0.026293534585690802,0.025087146538780688,9.924161617808293e-5,0.1841190787660243,0.7261073659327885,0.00306542147344573,true,0.017826552302595212
24,1515,0.0010485030080890074,0.022668288068343177,0.0012283375003541597,0.025795087507437354,0.02423634762396251,9.924161617808293e-5,0.1841190787660243,0.7261073659327885,0.00306542147344573,true,0.019195855830594244
24,1516,0.0017682416513320727,0.029573402240848003,0.0014768181553072744,0.031013181261452763,0.020414228211095547,9.924161617808293e-5,0.1841190787660243,0.7261073659327885,0.00306542147344573,true,0.027341828283278212
24,1517,0.0013943206479975234,0.025986034459831615,0.0013952670514602455,0.029300608080665157,0.029670435263988194,9.924161617808293e-5,0.1841190787660243,0.7261073659327885,0.00306542147344573,true,0.02098085255015167
24,1518,0.0011202789819488386,0.02335690094052639,0.001317436537632476,0.027666167290282,0.030392301612218668,9.924161617808293e-5,0.1841190787660243,0.7261073659327885,0.00306542147344573,true,0.01946548880124791
24,1519,0.0009397504101999625,0.021624924464026106,0.0012522342964991714,0.0262969202264826,0.03061525083319751,9.924161617808293e-5,0.1841190787660243,0.7261073659327885,0.00306542147344573,true,0.018529417199285896
24,1520,0.0007820341391229469,0.02011180735009517,0.0011783690962807148,0.02474575102189501,0.03119318246358239,9.924161617808293e-5,0.1841190787660243,0.7261073659327885,0.00306542147344573,true,0.0178959309128241
24,1521,0.0007175187847674419,0.019492852272600572,0.0011307550545238561,0.02374585614500098,0.03716846092165576,9.924161617808293e-5,0.1841190787660243,0.7261073659327885,0.00306542147344573,true,0.015654793259293396
24,1522,0.0006554756809980628,0.018897615766729867,0.0010800458796290295,0.02268096347220962,0.03732501258977836,9.924161617808293e-5,0.1841190787660243,0.7261073659327885,0.00306542147344573,true,0.014901589646554882
24,1523,0.0006160459059788662,0.018519329702948537,0.0010236419787550187,0.021496481553855393,0.03736528927003181,9.924161617808293e-5,0.1841190787660243,0.7261073659327885,0.00306542147344573,true,0.014455579915874237
24,1524,0.0014009367531659979,0.02604950883625215,0.001216151085339577,0.025539172792131117,0.033468911107998926,9.924161617808293e-5,0.1841190787660243,0.7261073659327885,0.00306542147344573,true,0.019541031625346674
24,1525,0.0014666527280587358,0.026679982569810697,0.0012418189543012092,0.026078198040325393,0.03222199101723631,9.924161617808293e-5,0.1841190787660243,0.7261073659327885,0.00306542147344573,true,0.01873115317854948
25,1526,0.0017057812737924522,0.029293181808031844,0.0013655933666726636,0.028677460700125935,0.029700271760963324,9.672213075801139e-5,0.18160008536806901,0.7320834628533581,0.002979172119181992,true,0.02407687095748494
25,1527,0.0013698527512848023,0.025985965445940062,0.0012880973089182991,0.02705004348728428,0.029693002092142685,9.672213075801139e-5,0.18160008536806901,0.7320834628533581,0.002979172119181992,true,0.021667887316879138
25,1528,0.001374102164062072,0.02602780091546602,0.0013159489062755283,0.027634927031786095,0.03784446653330231,9.672213075801139e-5,0.18160008536806901,0.7320834628533581,0.002979172119181992,true,0.02284136355514591
25,1529,0.0011389779032134988,0.02371300252681348,0.0012545716363801516,0.026346004363983183,0.03755152431021333,9.672213075801139e-5,0.18160008536806901,0.7320834628533581,0.002979172119181992,true,0.024803087963338924
25,1530,0.0009527258352091992,0.021879350885151454,0.001183206356120635,0.024847333478533334,0.037719685307109466,9.672213075801139e-5,0.18160008536806901,0.7320834628533581,0.002979172119181992,true,0.02050371693162583
25,1531,0.0009826930620224239,0.02217437823830202,0.001163507108985355,0.024433649288692457,0.03728884901741226,9.672213075801139e-5,0.18160008536806901,0.7320834628533581,0.002979172119181992,true,0.021662107303831325
25,1532,0.000893414776676032,0.021295433503651325,0.0011271368118401363,0.02366987304864286,0.036923203605244904,9.672213075801139e-5,0.18160008536806901,0.7320834628533581,0.002979172119181992,true,0.016779364076288925
25,1533,0.0012696160905492655,0.02499913550369108,0.0012123549946453731,0.025459454887552836,0.034616434055324684,9.672213075801139e-5,0.18160008536806901,0.7320834628533581,0.002979172119181992,true,0.024722711857219283
25,1534,0.0014750325485122706,0.02702146056780563,0.0012706698498736392,0.026684066847346425,0.03247351493940395,9.672213075801139e-5,0.18160008536806901,0.7320834628533581,0.002979172119181992,true,0.036042767177817785
25,1535,0.0011822916704369926,0.024139426572607658,0.0011988597675177115,0.02517605511787194,0.035340638547564376,9.672213075801139e-5,0.18160008536806901,0.7320834628533581,0.002979172119181992,true,0.025832300864695262
25,1536,0.000962322739575752,0.02197383241029724,0.001127269055953177,0.023672650175016716,0.03534783791151697,9.672213075801139e-5,0.18160008536806901,0.7320834628533581,0.002979172119181992,true,0.01671998178649503
25,1537,0.0010413056505686933,0.022751419182660534,0.0011524866527983326,0.024202219708764985,0.03434220747787074,9.672213075801139e-5,0.18160008536806901,0.7320834628533581,0.002979172119181992,true,0.020318813517430947
25,1538,0.002667707920160325,0.03876334980761711,0.0016457678622753998,0.03456112510778339,0.025193845808626356,9.672213075801139e-5,0.18160008536806901,0.7320834628533581,0.002979172119181992,true,0.039755813803192014
25,1539,0.0022312072420881367,0.034466000556626894,0.0015962192806925496,0.03352060489454354,0.02503377715438836,9.672213075801139e-5,0.18160008536806901,0.7320834628533581,0.002979172119181992,true,0.034265011316453604
25,1540,0.0018371996362345775,0.030586995608966258,0.0015276670282343711,0.0320810075929218,0.026290634030969394,9.672213075801139e-5,0.18160008536806901,0.7320834628533581,0.002979172119181992,true,0.03493977014569635
25,1541,0.0015785942442659191,0.028041025480382047,0.0014719517619348954,0.030910987000632804,0.02573578486512959,9.672213075801139e-5,0.18160008536806901,0.7320834628533581,0.002979172119181992,true,0.03987251373217145
25,1542,0.0024952802396361108,0.037065799263083545,0.0017652394677231886,0.03707002882218696,0.020291661922180144,9.672213075801139e-5,0.18160008536806901,0.7320834628533581,0.002979172119181992,true,0.05368568181722298
25,1543,0.002028134942208034,0.03246675372924328,0.0016858543281237583,0.03540294089059892,0.022453109250098247,9.672213075801139e-5,0.18160008536806901,0.7320834628533581,0.002979172119181992,true,0.049945489791268144
25,1544,0.0016303601692219463,0.028550661020512434,0.001595518521155271,0.033505888944260695,0.022282994033200977,9.672213075801139e-5,0.18160008536806901,0.7320834628533581,0.002979172119181992,true,0.050516294685968736
25,1545,0.0013330390358901763,0.025623534411523437,0.0015199323454738404,0.031918579254950646,0.021983229396690722,9.672213075801139e-5,0.18160008536806901,0.7320834628533581,0.002979172119181992,true,0.037395191230192915
25,1546,0.0011247700223443306,0.023573125937203277,0.001452558133381659,0.03050372080101484,0.02858848733836378,9.672213075801139e-5,0.18160008536806901,0.7320834628533581,0.002979172119181992,true,0.02764998766147713
26,1547,0.0010415228838561996,0.022702001366731915,0.0014123850396319073,0.029660085832270054,0.02897502341567428,9.604744098273066e-5,0.17741045735481872,0.7365300130182079,0.0029892113655891565,true,0.0214156734415167
26,1548,0.000867919158774521,0.020989564627486416,0.0013316453013707495,0.02796455132878574,0.028960486017960387,9.604744098273066e-5,0.17741045735481872,0.7365300130182079,0.0029892113655891565,true,0.022212511211464486
26,1549,0.002599462725353436,0.03806960607025407,0.0018459718856504094,0.038765409598658596,0.019112240563746007,9.604744098273066e-5,0.17741045735481872,0.7365300130182079,0.0029892113655891565,true,0.03446566552437204
26,1550,0.0020124665363642274,0.03227944321891387,0.0017352167036072013,0.03643955077575123,0.02065045296926027,9.604744098273066e-5,0.17741045735481872,0.7365300130182079,0.0029892113655891565,true,0.029988542468059334
26,1551,0.0016374672372532488,0.028580429406354142,0.0016451023791278297,0.034547149961684426,0.024417215793439778,9.604744098273066e-5,0.17741045735481872,0.7365300130182079,0.0029892113655891565,true,0.03079143908318476
26,1552,0.001357066139510124,0.025814537480508774,0.001571839193230286,0.03300862305783601,0.02726590304493938,9.604744098273066e-5,0.17741045735481872,0.7365300130182079,0.0029892113655891565,true,0.029940205744912848
26,1553,0.0011164757179946696,0.023441340265300488,0.0014890302463003299,0.03126963517230693,0.02711808257229753,9.604744098273066e-5,0.17741045735481872,0.7365300130182079,0.0029892113655891565,true,0.025460498223872245
26,1554,0.0009791021884789062,0.022086280177552146,0.0014141286500427418,0.029696701650897578,0.026926338820018585,9.604744098273066e-5,0.17741045735481872,0.7365300130182079,0.0029892113655891565,true,0.02172850746067935
26,1555,0.0008192864524659169,0.02050984892453933,0.0013317619389919214,0.027967000718830348,0.027024144524134496,9.604744098273066e-5,0.17741045735481872,0.7365300130182079,0.0029892113655891565,true,0.02110902430173479
26,1556,0.0012803374347658014,0.02505768129613209,0.0014283137477785223,0.02999458870334897,0.024569867274269012,9.604744098273066e-5,0.17741045735481872,0.7365300130182079,0.0029892113655891565,true,0.024309751838849893
26,1557,0.0010467313445820647,0.022753377911202327,0.0013433877592354951,0.0282111429439454,0.024669612617879692,9.604744098273066e-5,0.17741045735481872,0.7365300130182079,0.0029892113655891565,true,0.021750167474775147
26,1558,0.0009894170817432721,0.02218802685481374,0.0012953004078649377,0.02720130856516369,0.026750137504081017,9.604744098273066e-5,0.17741045735481872,0.7365300130182079,0.0029892113655891565,true,0.025892907683151067
26,1559,0.0008504438591754435,0.02081718730638514,0.0012311110918833451,0.02585333292955025,0.027303637950926135,9.604744098273066e-5,0.17741045735481872,0.7365300130182079,0.0029892113655891565,true,0.014408378350782512
26,1560,0.0008138354806799108,0.020456080237568154,0.001196837797269738,0.025133593742664495,0.027105129685313832,9.604744098273066e-5,0.17741045735481872,0.7365300130182079,0.0029892113655891565,true,0.013846058957147137
26,1561,0.0010443807956629669,0.022730191966750024,0.0012276598464117906,0.0257808567746476,0.027769431840439444,9.604744098273066e-5,0.17741045735481872,0.7365300130182079,0.0029892113655891565,true,0.024699357676281435
26,1562,0.0008817511794416224,0.021126004443839455,0.0011566540610712815,0.02428973528249691,0.028333410291787098,9.604744098273066e-5,0.17741045735481872,0.7365300130182079,0.0029892113655891565,true,0.01331652641151194
26,1563,0.0008774693915950575,0.021083768651867462,0.0011422122523344245,0.023986457299022913,0.027429029407558893,9.604744098273066e-5,0.17741045735481872,0.7365300130182079,0.0029892113655891565,true,0.012529544649042839
26,1564,0.001151701871211332,0.023788812987571413,0.001229895585333406,0.02582780729200153,0.025411777391642628,9.604744098273066e-5,0.17741045735481872,0.7365300130182079,0.0029892113655891565,true,0.022071560445802267
26,1565,0.0009443172152187989,0.021743159278756603,0.0011567103899185035,0.024290918188288574,0.025631625359494207,9.604744098273066e-5,0.17741045735481872,0.7365300130182079,0.0029892113655891565,true,0.013181350194590765
26,1566,0.0008058970513688379,0.020377775132088483,0.0010894668239206636,0.022878803302333935,0.02843844624946152,9.604744098273066e-5,0.17741045735481872,0.7365300130182079,0.0029892113655891565,true,0.010434314333871592
26,1567,0.002022232492587597,0.03237577515086345,0.0014442360196220572,0.0303289564120632,0.02154001328028905,9.604744098273066e-5,0.17741045735481872,0.7365300130182079,0.0029892113655891565,true,0.03024612092140962
27,1568,0.0018203659429274195,0.030632900321573037,0.0014277544173365115,0.029982842764066743,0.020804321289645173,9.407356920883675e-5,0.17425178734906746,0.7422322768499415,0.0028863876833085927,true,0.030178922049620065
27,1569,0.0014630197303465288,0.0270395199897801,0.0013452202725502441,0.028249625723555126,0.024142935523922784,9.407356920883675e-5,0.17425178734906746,0.7422322768499415,0.0028863876833085927,true,0.02953627904814266
27,1570,0.0011985929672407314,0.0243805134121493,0.0012678376313062709,0.026624590257431687,0.0420199610775924,9.407356920883675e-5,0.17425178734906746,0.7422322768499415,0.0028863876833085927,true,0.031060497403436978
27,1571,0.001213752280198677,0.02453295151029829,0.001284063248854567,0.026965328225945905,0.041776242013904674,9.407356920883675e-5,0.17425178734906746,0.7422322768499415,0.0028863876833085927,true,0.023690006005836064
27,1572,0.0017570518152123945,0.029996229963119757,0.001447023901111124,0.030387501923333605,0.03778001671661739,9.407356920883675e-5,0.17425178734906746,0.7422322768499415,0.0028863876833085927,true,0.026175112001478516
27,1573,0.0019123997590385503,0.03155836837756572,0.0015565666589845589,0.03268789983867574,0.03501408928185169,9.407356920883675e-5,0.17425178734906746,0.7422322768499415,0.0028863876833085927,true,0.031614806882867066
27,1574,0.0015159518857607818,0.02757179194198927,0.0014658048357508353,0.030781901550767543,0.03712530580160739,9.407356920883675e-5,0.17425178734906746,0.7422322768499415,0.0028863876833085927,true,0.02807586461692075
27,1575,0.001222203125272168,0.024617931004707334,0.0013807921389894801,0.02899663491877908,0.03729403496789941,9.407356920883675e-5,0.17425178734906746,0.7422322768499415,0.0028863876833085927,true,0.028324036867595753
27,1576,0.0010150658373622719,0.022535012450791328,0.0013062939608488103,0.027432173177825016,0.03745219648888799,9.407356920883675e-5,0.17425178734906746,0.7422322768499415,0.0028863876833085927,true,0.028501654509963184
27,1577,0.0009115536703658656,0.021494121091401436,0.001257117213332069,0.026399461479973445,0.037001376304000126,9.407356920883675e-5,0.17425178734906746,0.7422322768499415,0.0028863876833085927,true,0.022343944973819797
27,1578,0.0007810598051044868,0.020181908810030944,0.0011884477374724694,0.024957402486921857,0.03900452633717366,9.407356920883675e-5,0.17425178734906746,0.7422322768499415,0.0028863876833085927,true,0.022671663188476472
27,1579,0.0010807079735200562,0.023195092655091412,0.0012744882805797732,0.026764253892175238,0.037255287770314484,9.407356920883675e-5,0.17425178734906746,0.7422322768499415,0.0028863876833085927,true,0.02135517251935285
27,1580,0.0010614754332580094,0.023001695245310805,0.0012447577190459979,0.026139912099965953,0.03670699117028295,9.407356920883675e-5,0.17425178734906746,0.7422322768499415,0.0028863876833085927,true,0.026383739636735144
27,1581,0.0009421762660429961,0.02180205392835501,0.0011977551308658932,0.02515285774818376,0.03700768063062513,9.407356920883675e-5,0.17425178734906746,0.7422322768499415,0.0028863876833085927,true,0.023658657010154672
27,1582,0.0011596385265313356,0.023988797714170687,0.0012683802692997133,0.02663598565529398,0.03477563114050855,9.407356920883675e-5,0.17425178734906746,0.7422322768499415,0.0028863876833085927,true,0.02593323869101741
27,1583,0.00108703566561153,0.023258722276748578,0.001228769965666788,0.02580416927900255,0.04039355934673069,9.407356920883675e-5,0.17425178734906746,0.7422322768499415,0.0028863876833085927,true,0.02891363456451945
27,1584,0.0009009529251370155,0.02138752276164,0.0011557383496005082,0.02427050534161067,0.04053697316741276,9.407356920883675e-5,0.17425178734906746,0.7422322768499415,0.0028863876833085927,true,0.024534786835621825
27,1585,0.0008907719356407809,0.021285145386069862,0.0011215749958085486,0.02355307491197952,0.040182598482551186,9.407356920883675e-5,0.17425178734906746,0.7422322768499415,0.0028863876833085927,true,0.023251465660916112
27,1586,0.0007815060476359767,0.020186396108565,0.0010680799138362326,0.022429678190560885,0.040205020885132114,9.407356920883675e-5,0.17425178734906746,0.7422322768499415,0.0028863876833085927,true,0.018489435515175207
27,1587,0.0011173147836200806,0.02356320119183246,0.001174563429801368,0.02466583202582873,0.038823675149310774,9.407356920883675e-5,0.17425178734906746,0.7422322768499415,0.0028863876833085927,true,0.025482955928565577
27,1588,0.0009326779435901711,0.021706541274560523,0.0011103208509995704,0.023316737870990978,0.03878846040475614,9.407356920883675e-5,0.17425178734906746,0.7422322768499415,0.0028863876833085927,true,0.01822594704196433
28,1589,0.0008596047607171996,0.0208446707722357,0.0010697326393927411,0.022464385427247564,0.04232924134701235,8.50403980467579e-5,0.1579662154498113,0.7668737729361408,0.0027141996376870703,true,0.017923361338520627
28,1590,0.0013309771686922096,0.025900697232212975,0.001208996655339757,0.025388929762134898,0.03903513625216896,8.50403980467579e-5,0.1579662154498113,0.7668737729361408,0.0027141996376870703,true,0.025749878733764987
28,1591,0.0038247999177725795,0.05264989509046365,0.002212408964348591,0.046460588251320406,0.022059064443598553,8.50403980467579e-5,0.1579662154498113,0.7668737729361408,0.0027141996376870703,true,0.03194536405962398
28,1592,0.003192984511894157,0.045872927758697515,0.0021573371580930843,0.04530408031995477,0.0216744420477596,8.50403980467579e-5,0.1579662154498113,0.7668737729361408,0.0027141996376870703,true,0.027125663430447308
28,1593,0.0025371104660574934,0.03883790306472281,0.0020281278579580933,0.04259068501711996,0.02216650987123137,8.50403980467579e-5,0.1579662154498113,0.7668737729361408,0.0027141996376870703,true,0.02664540612722248
28,1594,0.002092601822674201,0.03407002224562812,0.0019368487323347685,0.04067382337903014,0.023399326426569972,8.50403980467579e-5,0.1579662154498113,0.7668737729361408,0.0027141996376870703,true,0.025957710042876173
28,1595,0.0020712041827293786,0.03384050725512019,0.0019499429758853743,0.04094880249359286,0.02176096926279921,8.50403980467579e-5,0.1579662154498113,0.7668737729361408,0.0027141996376870703,true,0.029485142127479956
28,1596,0.0017215894219824515,0.03009047553661366,0.0018460057406934679,0.03876612055456283,0.02191638715302113,8.50403980467579e-5,0.1579662154498113,0.7668737729361408,0.0027141996376870703,true,0.026232889048320437
28,1597,0.0014681978337345747,0.027372551124319994,0.0017530844377098734,0.03681477319190734,0.021728312233116755,8.50403980467579e-5,0.1579662154498113,0.7668737729361408,0.0027141996376870703,true,0.026675344432689374
28,1598,0.0012229265074042701,0.024741726123070695,0.0016500510504881966,0.03465107206025213,0.022344428312921476,8.50403980467579e-5,0.1579662154498113,0.7668737729361408,0.0027141996376870703,true,0.025456006630809994
28,1599,0.0013188124238898546,0.025770215959743503,0.0016779945463896414,0.03523788547418247,0.025560917900193193,8.50403980467579e-5,0.1579662154498113,0.7668737729361408,0.0027141996376870703,true,0.025484748296588998
28,1600,0.0012101662911612166,0.024604857715271718,0.0016297079669503642,0.034223867305957646,0.024763537301203252,8.50403980467579e-5,0.1579662154498113,0.7668737729361408,0.0027141996376870703,true,0.024951664801359925
28,1601,0.001063712882064878,0.023033971725728984,0.001545766428232461,0.03246109499288168,0.0300128571514409,8.50403980467579e-5,0.1579662154498113,0.7668737729361408,0.0027141996376870703,true,0.023341974019947493
28,1602,0.0010459909813116054,0.02284388338450731,0.0014987446851216992,0.03147363838755568,0.02928723900669262,8.50403980467579e-5,0.1579662154498113,0.7668737729361408,0.0027141996376870703,true,0.025860733667524883
28,1603,0.000921150131320456,0.021504817647603234,0.0014173874808931766,0.029765137098756708,0.03071272573396079,8.50403980467579e-5,0.1579662154498113,0.7668737729361408,0.0027141996376870703,true,0.024690749771804556
28,1604,0.0017084671748261626,0.02994972391917899,0.0017059124369379714,0.0358241611756974,0.02448715603931997,8.50403980467579e-5,0.1579662154498113,0.7668737729361408,0.0027141996376870703,true,0.03086593262946213
28,1605,0.0014101905006084906,0.02675035388452367,0.001612857101836345,0.03386999913856324,0.024759500996088816,8.50403980467579e-5,0.1579662154498113,0.7668737729361408,0.0027141996376870703,true,0.026794776403760205
28,1606,0.0012173467368888058,0.02468187648637265,0.001530004141818541,0.032130086978189365,0.02541958499143934,8.50403980467579e-5,0.1579662154498113,0.7668737729361408,0.0027141996376870703,true,0.0274054474443564
28,1607,0.001073251671023069,0.023136286516651814,0.0014533486552404814,0.03052032176005011,0.026280478780065206,8.50403980467579e-5,0.1579662154498113,0.7668737729361408,0.0027141996376870703,true,0.02774360441018301
28,1608,0.001172895434059834,0.024205083701132536,0.0014538353025720814,0.03053054135401371,0.026483393934749737,8.50403980467579e-5,0.1579662154498113,0.7668737729361408,0.0027141996376870703,true,0.030904650576940983
28,1609,0.0009894052071604696,0.0222369340456703,0.0013707235267307633,0.02878519406134603,0.028960808826658524,8.50403980467579e-5,0.1579662154498113,0.7668737729361408,0.0027141996376870703,true,0.0237763705738624
29,1610,0.001406493427546676,0.02655322945053812,0.001526958011115435,0.03206611823342414,0.025303758779943612,8.379736599883745e-5,0.15378447213172863,0.771125821700639,0.0027669623456300896,true,0.03006198947506105
29,1611,0.0011927967411216244,0.024259814917628932,0.0014411421990684853,0.030263986180438192,0.025240313067804256,8.379736599883745e-5,0.15378447213172863,0.771125821700639,0.0027669623456300896,true,0.02625954010133648
29,1612,0.0011255406909160576,0.023538016159080494,0.0014120614669393702,0.029653290805726776,0.02526827927331962,8.379736599883745e-5,0.15378447213172863,0.771125821700639,0.0027669623456300896,true,0.02643375141533369
29,1613,0.0010671689777247378,0.02291156500729471,0.0013819331667780795,0.02902059650233967,0.02489787998170018,8.379736599883745e-5,0.15378447213172863,0.771125821700639,0.0027669623456300896,true,0.025884852714224936
29,1614,0.001003112369737745,0.022224102987439008,0.001328772175530295,0.027904215686136193,0.026557072198146795,8.379736599883745e-5,0.15378447213172863,0.771125821700639,0.0027669623456300896,true,0.027114942828887795
29,1615,0.0011615235427624758,0.023924187778026195,0.0013534233841729542,0.028421891067632037,0.025160810013633083,8.379736599883745e-5,0.15378447213172863,0.771125821700639,0.0027669623456300896,true,0.02576132483803849
29,1616,0.0010794658132684183,0.023043535894707423,0.001303221718787023,0.027367656094527484,0.025929604406704665,8.379736599883745e-5,0.15378447213172863,0.771125821700639,0.0027669623456300896,true,0.026253874722738334
29,1617,0.0009911894169078654,0.022096144647266863,0.0012474128324343327,0.026195669481120985,0.02941216676903699,8.379736599883745e-5,0.15378447213172863,0.771125821700639,0.0027669623456300896,true,0.02654549348147623
29,1618,0.0008750012037290129,0.02084920094816282,0.0011791226087520242,0.024761574783792508,0.03465509915195376,8.379736599883745e-5,0.15378447213172863,0.771125821700639,0.0027669623456300896,true,0.03035026421005763
29,1619,0.0008382446605849282,0.02045472599566648,0.0011474938960561016,0.024097371817178134,0.03401714135630306,8.379736599883745e-5,0.15378447213172863,0.771125821700639,0.0027669623456300896,true,0.026229130418325388
29,1620,0.0016135308460819156,0.028775176044414066,0.001398580196459775,0.029370184125655275,0.02869391270944948,8.379736599883745e-5,0.15378447213172863,0.771125821700639,0.0027669623456300896,true,0.03075100068396809
29,1621,0.0013482838931295207,0.02592851881782083,0.0013192156420768933,0.027703528483614757,0.029217680965190528,8.379736599883745e-5,0.15378447213172863,0.771125821700639,0.0027669623456300896,true,0.029666978126999803
29,1622,0.0020304098725900414,0.03324916407788826,0.0015688628338656572,0.032946119511178804,0.024523627954851267,8.379736599883745e-5,0.15378447213172863,0.771125821700639,0.0027669623456300896,true,0.03603596195419749
29,1623,0.001661420257645704,0.02928913007098425,0.0014769182177320067,0.03101528257237214,0.028194590228009526,8.379736599883745e-5,0.15378447213172863,0.771125821700639,0.0027669623456300896,true,0.032057330023168885
29,1624,0.0015736134965453875,0.02834677899683328,0.001482399805182956,0.031130395908842076,0.02700193350914015,8.379736599883745e-5,0.15378447213172863,0.771125821700639,0.0027669623456300896,true,0.029402692552249973
29,1625,0.0012978751048268937,0.025387526584325748,0.0013934898400919146,0.029263286641930206,0.0318308328538403,8.379736599883745e-5,0.15378447213172863,0.771125821700639,0.0027669623456300896,true,0.02530010132203339
29,1626,0.0011691098685099564,0.024005604996101576,0.0013355205582071825,0.02804593172235083,0.03269391687087404,8.379736599883745e-5,0.15378447213172863,0.771125821700639,0.0027669623456300896,true,0.028059128394014574
29,1627,0.0010982722362231428,0.02324536833505988,0.0013089128305281597,0.027487169441091353,0.03261147977442581,8.379736599883745e-5,0.15378447213172863,0.771125821700639,0.0027669623456300896,true,0.02395743546846425
29,1628,0.0011314858175305513,0.023601819861448367,0.0012971764499450753,0.027240705448846582,0.031498445194703545,8.379736599883745e-5,0.15378447213172863,0.771125821700639,0.0027669623456300896,true,0.027815226885426772
29,1629,0.0011787283274187828,0.024108831273563905,0.0013192083388754714,0.0277033751163849,0.03234645958651475,8.379736599883745e-5,0.15378447213172863,0.771125821700639,0.0027669623456300896,true,0.02609861399343932
29,1630,0.001342524432729885,0.025866707704119394,0.0013928190743704772,0.02924920056178002,0.02980248541719463,8.379736599883745e-5,0.15378447213172863,0.771125821700639,0.0027669623456300896,true,0.027297536358065044
30,1631,0.001161886999305299,0.02422849601995147,0.0013283048230938715,0.027894401284971303,0.029520033267323876,8.484473744511993e-5,0.1569375262310629,0.7689676035038502,0.0028077884246006635,true,0.028471770761884046
30,1632,0.0009796717233504736,0.022257587199340345,0.0012506014595998539,0.02626263065159693,0.031905652796878355,8.484473744511993e-5,0.1569375262310629,0.7689676035038502,0.0028077884246006635,true,0.028458245094756977
30,1633,0.0009662605665289737,0.022112527093179728,0.0012346311441697785,0.02592725402756535,0.03151156088177189,8.484473744511993e-5,0.1569375262310629,0.7689676035038502,0.0028077884246006635,true,0.027385069045036233
30,1634,0.0008933061829914275,0.02132342509685729,0.0011929247058774968,0.025051418823427433,0.03376761397066811,8.484473744511993e-5,0.1569375262310629,0.7689676035038502,0.0028077884246006635,true,0.02685532343128966
30,1635,0.0010703104724588618,0.023237969931637553,0.001250655755270544,0.026263770860681424,0.03169444819286915,8.484473744511993e-5,0.1569375262310629,0.7689676035038502,0.0028077884246006635,true,0.029153374143788477
30,1636,0.0009793331269602051,0.022253924813688482,0.0011962182180579658,0.02512058257921728,0.03251027905116355,8.484473744511993e-5,0.1569375262310629,0.7689676035038502,0.0028077884246006635,true,0.030198160990992144
30,1637,0.0010725023989148104,0.023261678630941286,0.0012015765262232288,0.025233107050687806,0.032025835610191955,8.484473744511993e-5,0.1569375262310629,0.7689676035038502,0.0028077884246006635,true,0.0310462526818969
30,1638,0.0014611726427575678,0.027465681878663946,0.0013608200931643061,0.02857722195645043,0.029386296876995406,8.484473744511993e-5,0.1569375262310629,0.7689676035038502,0.0028077884246006635,true,0.031517158191498466
30,1639,0.00198515923018307,0.03313331749059188,0.0016003013768132056,0.03360632891307732,0.02405698509621627,8.484473744511993e-5,0.1569375262310629,0.7689676035038502,0.0028077884246006635,true,0.02906612069945423
30,1640,0.0016115055088226518,0.029091738586603633,0.0015051244702945696,0.031607613876185964,0.041260578446839814,8.484473744511993e-5,0.1569375262310629,0.7689676035038502,0.0028077884246006635,true,0.027611903995498906
30,1641,0.0013240464415102769,0.025982473414615164,0.0014153592174327204,0.02972254356608713,0.041510835115640535,8.484473744511993e-5,0.1569375262310629,0.7689676035038502,0.0028077884246006635,true,0.030186780248088362
30,1642,0.001176751331379061,0.02438927421510089,0.0013664140171359249,0.028694694359854424,0.04099569744180578,8.484473744511993e-5,0.1569375262310629,0.7689676035038502,0.0028077884246006635,true,0.029766522640815894
30,1643,0.0010896036419974276,0.02344665209520397,0.0013315861258007908,0.027963308641816606,0.04035861929448608,8.484473744511993e-5,0.1569375262310629,0.7689676035038502,0.0028077884246006635,true,0.025700615465875452
30,1644,0.0015594451506350943,0.028528634211197314,0.0014741358485405283,0.030956852819351094,0.0371603776425768,8.484473744511993e-5,0.1569375262310629,0.7689676035038502,0.0028077884246006635,true,0.027993985099986726
30,1645,0.001327113527523054,0.026015648168183324,0.0014082249750108039,0.02957272447522688,0.03750177427285092,8.484473744511993e-5,0.1569375262310629,0.7689676035038502,0.0028077884246006635,true,0.028082639567658593
30,1646,0.0018032687845072064,0.031165922156205512,0.0016134994604121008,0.033883488668654115,0.033267957422227684,8.484473744511993e-5,0.1569375262310629,0.7689676035038502,0.0028077884246006635,true,0.03163835544024497
30,1647,0.0016435942220741234,0.029438822153873074,0.0015941146423301819,0.03347640748893382,0.03217816401722005,8.484473744511993e-5,0.1569375262310629,0.7689676035038502,0.0028077884246006635,true,0.028882230840732125
30,1648,0.0015020888859173498,0.027908247322901876,0.0015470450438168854,0.032487945920154596,0.03149753509598723,8.484473744511993e-5,0.1569375262310629,0.7689676035038502,0.0028077884246006635,true,0.030738180371455266
30,1649,0.0012416418945701384,0.025091154903739886,0.0014542386556531416,0.030539011768715974,0.03291320330136084,8.484473744511993e-5,0.1569375262310629,0.7689676035038502,0.0028077884246006635,true,0.02772727779148762
30,1650,0.0013909787016777224,0.02670643786411698,0.001517727675749726,0.03187228119074425,0.03138011960186775,8.484473744511993e-5,0.1569375262310629,0.7689676035038502,0.0028077884246006635,true,0.029760079360309052
30,1651,0.001154754984985026,0.024151353476007813,0.0014267888008730695,0.02996256481833446,0.03179021154898687,8.484473744511993e-5,0.1569375262310629,0.7689676035038502,0.0028077884246006635,true,0.026760333290318294
31,1652,0.0009867763946926878,0.022385196484350153,0.0013432892370140628,0.02820907397729532,0.031755084039724484,8.276097914900144e-5,0.15347401256952298,0.7747703329550855,0.0027715672767374346,true,0.025550399233337944
31,1653,0.001261538854899449,0.025412640469561557,0.0014078239804581028,0.02956430358962016,0.031513421323997176,8.276097914900144e-5,0.15347401256952298,0.7747703329550855,0.0027715672767374346,true,0.02838899383789908
31,1654,0.0011312742638480864,0.023977332486194016,0.0013587747988701446,0.028534270776273036,0.03096978228338299,8.276097914900144e-5,0.15347401256952298,0.7747703329550855,0.0027715672767374346,true,0.020325848778712033
31,1655,0.0013444853720393475,0.026326578764554454,0.0014449829266296144,0.030344641459221902,0.030959511834499277,8.276097914900144e-5,0.15347401256952298,0.7747703329550855,0.0027715672767374346,true,0.025458252328284792
31,1656,0.0011458844037728262,0.024138312920729963,0.0013632005361095968,0.028627211258301533,0.030929096426422796,8.276097914900144e-5,0.15347401256952298,0.7747703329550855,0.0027715672767374346,true,0.025641785330949875
31,1657,0.0011786080056946791,0.024498874810218854,0.001350960163544339,0.02837016343443112,0.02981586585457605,8.276097914900144e-5,0.15347401256952298,0.7747703329550855,0.0027715672767374346,true,0.03057265789373328
31,1658,0.0011441137998209892,0.024118803689810474,0.0013179673485221245,0.027677314318964617,0.029146536518188597,8.276097914900144e-5,0.15347401256952298,0.7747703329550855,0.0027715672767374346,true,0.02613796916930703
31,1659,0.0011866717097668885,0.024587723965134575,0.0013118551421334747,0.027548957984802967,0.028034790656308036,8.276097914900144e-5,0.15347401256952298,0.7747703329550855,0.0027715672767374346,true,0.02840419987804757
31,1660,0.001002779042885383,0.022561520138542113,0.0012345156159974757,0.02592482793594699,0.028738206611859853,8.276097914900144e-5,0.15347401256952298,0.7747703329550855,0.0027715672767374346,true,0.027541008618201832
31,1661,0.0033916905783070526,0.04888351424818907,0.002193501456165197,0.04606353057946913,0.011753707390382206,8.276097914900144e-5,0.15347401256952298,0.7747703329550855,0.0027715672767374346,true,0.027214202151713687
31,1662,0.0027652148840479483,0.041980751508917336,0.0020774489842791534,0.04362642866986222,0.011580980213531763,8.276097914900144e-5,0.15347401256952298,0.7747703329550855,0.0027715672767374346,true,0.026403114808102885
31,1663,0.002231491291309766,0.03609996896175018,0.0019578701375414865,0.04111527288837122,0.011517407377216396,8.276097914900144e-5,0.15347401256952298,0.7747703329550855,0.0027715672767374346,true,0.025423599621274807
31,1664,0.0018460609374392628,0.03185314133593449,0.0018493301901428367,0.038835933992999574,0.011830844394152632,8.276097914900144e-5,0.15347401256952298,0.7747703329550855,0.0027715672767374346,true,0.03183120874113333
31,1665,0.0016115545452098914,0.029269254999663555,0.001768920769907495,0.0371473361680574,0.011537123454003703,8.276097914900144e-5,0.15347401256952298,0.7747703329550855,0.0027715672767374346,true,0.026240783298952085
31,1666,0.0014197880901786503,0.02715629458864974,0.001705806598912199,0.035821938577156175,0.011024195152977981,8.276097914900144e-5,0.15347401256952298,0.7747703329550855,0.0027715672767374346,true,0.02510792506567191
31,1667,0.0012546035320337616,0.025336224275444557,0.0016391971758420185,0.03442314069268239,0.010474045732493855,8.276097914900144e-5,0.15347401256952298,0.7747703329550855,0.0027715672767374346,true,0.024330086547932075
31,1668,0.001098810243214264,0.023619630768391353,0.001552882890533846,0.03261054070121077,0.01061486808025821,8.276097914900144e-5,0.15347401256952298,0.7747703329550855,0.0027715672767374346,true,0.024424816826197092
31,1669,0.0009647245822985994,0.02214222069084017,0.0014674494618543605,0.030816438698941573,0.010929217442535295,8.276097914900144e-5,0.15347401256952298,0.7747703329550855,0.0027715672767374346,true,0.02500237148271492
31,1670,0.0010166779065502744,0.02271466344338763,0.0014643589009307844,0.030751536919546473,0.009546761905764346,8.276097914900144e-5,0.15347401256952298,0.7747703329550855,0.0027715672767374346,true,0.02588700046089454
31,1671,0.001048552225201994,0.023065867586094187,0.001435255684341125,0.030140369371163628,0.008961411951449264,8.276097914900144e-5,0.15347401256952298,0.7747703329550855,0.0027715672767374346,true,0.02697763222632028
31,1672,0.0009768561776150211,0.022275891517794046,0.0013738706457761315,0.028851283561298763,0.008773580434032674,8.276097914900144e-5,0.15347401256952298,0.7747703329550855,0.0027715672767374346,true,0.02755851990709538
32,1673,0.000845238370149473,0.020841951277302786,0.0012914385206671977,0.027120208934011153,0.009404621721273472,8.201588838992915e-5,0.15248994965802187,0.7766524814262763,0.002871662863521727,true,0.02512236792238286
32,1674,0.0010308665640064415,0.02290194889284586,0.0013445845441484117,0.028236275427116646,0.007228876763411143,8.201588838992915e-5,0.15248994965802187,0.7766524814262763,0.002871662863521727,true,0.02602898511096119
32,1675,0.0008850346332475906,0.02128358789179689,0.0012667113863021836,0.026600939112345855,0.007305076830647933,8.201588838992915e-5,0.15248994965802187,0.7766524814262763,0.002871662863521727,true,0.026261543621680164
32,1676,0.0011491477832998632,0.024214567545461328,0.001357827091882708,0.02851436892953687,0.0046021712650582995,8.201588838992915e-5,0.15248994965802187,0.7766524814262763,0.002871662863521727,true,0.026647229431684842
32,1677,0.0009773325869750615,0.02230785883171994,0.001279449126962916,0.026868431666221236,0.005142562969051729,8.201588838992915e-5,0.15248994965802187,0.7766524814262763,0.002871662863521727,true,0.027476642399069735
32,1678,0.0008433925580310774,0.02082146748934132,0.0012054400046356544,0.025314240097348742,0.005186788685422266,8.201588838992915e-5,0.15248994965802187,0.7766524814262763,0.002871662863521727,true,0.028041733572692698
32,1679,0.0007483342920594849,0.019766564151812625,0.0011410186389647135,0.023961391418258985,0.005958392379521399,8.201588838992915e-5,0.15248994965802187,0.7766524814262763,0.002871662863521727,true,0.025361243194781485
32,1680,0.0006714350979596748,0.018913180012306026,0.0010788186034366748,0.022655190672170172,0.0058543470829924135,8.201588838992915e-5,0.15248994965802187,0.7766524814262763,0.002871662863521727,true,0.02094612086741778
32,1681,0.0006918929578812248,0.019140209871196856,0.0010576662269555928,0.02221099076606745,0.005136152806069914,8.201588838992915e-5,0.15248994965802187,0.7766524814262763,0.002871662863521727,true,0.02011639832917539
32,1682,0.0006695530331424899,0.01889229391221993,0.0010081930771771671,0.02117205462072051,0.00580713348450136,8.201588838992915e-5,0.15248994965802187,0.7766524814262763,0.002871662863521727,true,0.016712783980370093
32,1683,0.0006246324537571451,0.018393790508723338,0.0009528954774193788,0.020010805025806953,0.00644325417929061,8.201588838992915e-5,0.15248994965802187,0.7766524814262763,0.002871662863521727,true,0.01706241692018785
32,1684,0.0005755854742372403,0.017849494630164903,0.0008969754709143767,0.01883648488920191,0.006521690112930575,8.201588838992915e-5,0.15248994965802187,0.7766524814262763,0.002871662863521727,true,0.017147584828917053
32,1685,0.0005819697339031929,0.017920343564346762,0.0008708954245295276,0.01828880391512008,0.006421425188540096,8.201588838992915e-5,0.15248994965802187,0.7766524814262763,0.002871662863521727,true,0.009503061386014918
32,1686,0.0005552606890999259,0.01762394156061581,0.0008315688338220486,0.01746294551026302,0.007885966743756957,8.201588838992915e-5,0.15248994965802187,0.7766524814262763,0.002871662863521727,true,0.009579417207866217
32,1687,0.0005331279309883563,0.017378324620710896,0.0007939200809303362,0.01667232169953706,0.008282669098405972,8.201588838992915e-5,0.15248994965802187,0.7766524814262763,0.002871662863521727,true,0.009693648988651537
32,1688,0.0004983592328673359,0.016992481103426948,0.0007490148837100198,0.015729312557910415,0.008449411047953822,8.201588838992915e-5,0.15248994965802187,0.7766524814262763,0.002871662863521727,true,0.009188254002439897
32,1689,0.0005385760250493036,0.01743878451390715,0.0007245608767956285,0.015215778412708198,0.008183130801997354,8.201588838992915e-5,0.15248994965802187,0.7766524814262763,0.002871662863521727,true,0.01021697760216099
32,1690,0.0005876055153509578,0.01798288630692747,0.0007076877306770611,0.014861442344218283,0.009320805985622106,8.201588838992915e-5,0.15248994965802187,0.7766524814262763,0.002871662863521727,true,0.009943312120094775
32,1691,0.0005396768429769608,0.01745100077405063,0.000667235541417866,0.014011946369775187,0.009552658117472057,8.201588838992915e-5,0.15248994965802187,0.7766524814262763,0.002871662863521727,true,0.010243495248029958
32,1692,0.0005451058401212897,0.017511248740373703,0.000650838729140077,0.013667613311941617,0.009562592114241745,8.201588838992915e-5,0.15248994965802187,0.7766524814262763,0.002871662863521727,true,0.00992637626642755
32,1693,0.0005539585321534188,0.01760949095292992,0.0006252488168421508,0.013130225153685166,0.009457722281567745,8.201588838992915e-5,0.15248994965802187,0.7766524814262763,0.002871662863521727,true,0.01024764301036282
33,1694,0.0006310697641767706,0.018413625916158582,0.0006255964787037038,0.01313752605277778,0.00894085424661218,7.890374822493013e-5,0.14722863743755432,0.7852521389293333,0.0029104666563822944,true,0.011624466168972494
33,1695,0.0005769505692378565,0.01779674353008157,0.0005881483272309876,0.012351114871850739,0.00900933206393631,7.890374822493013e-5,0.14722863743755432,0.7852521389293333,0.0029104666563822944,true,0.01035930145078705
33,1696,0.000541796001240893,0.01739603110610794,0.0005602333464340125,0.011764900275114263,0.00934437438708525,7.890374822493013e-5,0.14722863743755432,0.7852521389293333,0.0029104666563822944,true,0.010081891076038
33,1697,0.0005099496515537373,0.01703302769844399,0.0005315634004712493,0.011162831409896237,0.009341897041054934,7.890374822493013e-5,0.14722863743755432,0.7852521389293333,0.0029104666563822944,true,0.010569419688205427
33,1698,0.000546886946760884,0.017454060694746594,0.0005351847592757507,0.011238879944790765,0.00980618685304453,7.890374822493013e-5,0.14722863743755432,0.7852521389293333,0.0029104666563822944,true,0.010148544178249445
33,1699,0.0005147346664883318,0.01708757011049573,0.0005084850419919512,0.010678185881830974,0.01206914494430727,7.890374822493013e-5,0.14722863743755432,0.7852521389293333,0.0029104666563822944,true,0.010483163038782897
33,1700,0.0006431051196839216,0.01855081197058745,0.0005321771957255807,0.011175721110237194,0.011338848482781324,7.890374822493013e-5,0.14722863743755432,0.7852521389293333,0.0029104666563822944,true,0.011969881810137842
33,1701,0.0005847214917830135,0.01788532107169295,0.0005002649290001506,0.010505563509003163,0.01134648739432997,7.890374822493013e-5,0.14722863743755432,0.7852521389293333,0.0029104666563822944,true,0.01230950915767699
33,1702,0.0005429317850064683,0.017408977436890696,0.00047073411636991023,0.009885416443768115,0.01158731316656997,7.890374822493013e-5,0.14722863743755432,0.7852521389293333,0.0029104666563822944,true,0.012334203956038722
33,1703,0.0006653664867841135,0.01880456011428403,0.0004967357339325124,0.010431450412582761,0.010707227547127158,7.890374822493013e-5,0.14722863743755432,0.7852521389293333,0.0029104666563822944,true,0.014042585249058019
33,1704,0.0006859927788015686,0.01903967071136536,0.0005102928164567585,0.010716149145591929,0.057546863872266,7.890374822493013e-5,0.14722863743755432,0.7852521389293333,0.0029104666563822944,true,0.010264931202318563
33,1705,0.0006249112253451059,0.018343427271601632,0.0004856351256279114,0.01019833763818614,0.05807836390872224,7.890374822493013e-5,0.14722863743755432,0.7852521389293333,0.0029104666563822944,true,0.010466430555010673
33,1706,0.0006078602230132858,0.0181490699273113,0.0004782196044968215,0.010042611694433252,0.0585850706714353,7.890374822493013e-5,0.14722863743755432,0.7852521389293333,0.0029104666563822944,true,0.010540520209491368
33,1707,0.000769690819890825,0.019993710167336406,0.0005503260563043164,0.011556847182390645,0.06032059716729592,7.890374822493013e-5,0.14722863743755432,0.7852521389293333,0.0029104666563822944,true,0.010712943812319934
33,1708,0.0007940122161619462,0.020270939734062014,0.000553354011342609,0.01162043423819479,0.0622102853902304,7.890374822493013e-5,0.14722863743755432,0.7852521389293333,0.0029104666563822944,true,0.010849514890117169
33,1709,0.000747384146032773,0.019739445590590043,0.0005328872952704274,0.011190633200678975,0.06212351855965748,7.890374822493013e-5,0.14722863743755432,0.7852521389293333,0.0029104666563822944,true,0.010256408174150279
33,1710,0.0006855329636650583,0.019034429468237392,0.0005054241289050237,0.010613906707005497,0.0620641480188962,7.890374822493013e-5,0.14722863743755432,0.7852521389293333,0.0029104666563822944,true,0.010212184841436996
33,1711,0.0008171617348521041,0.020534811551487196,0.0005699596986773778,0.011969153672224933,0.06065966130610296,7.890374822493013e-5,0.14722863743755432,0.7852521389293333,0.0029104666563822944,true,0.011376240818466783
33,1712,0.0007469341160261271,0.019734315884122323,0.0005516823192491607,0.011585328704232374,0.06135385216155105,7.890374822493013e-5,0.14722863743755432,0.7852521389293333,0.0029104666563822944,true,0.011174513834573232
33,1713,0.0007433698732302026,0.019693688550271746,0.0005428147401076752,0.01139910954226118,0.061692192968066606,7.890374822493013e-5,0.14722863743755432,0.7852521389293333,0.0029104666563822944,true,0.011104579566504636
33,1714,0.0006721058236637648,0.018881379036287373,0.000517414077191253,0.010865695621016313,0.061618000156684116,7.890374822493013e-5,0.14722863743755432,0.7852521389293333,0.0029104666563822944,true,0.0110409779172214
34,1715,0.0006286642606285829,0.018300412280418978,0.0004932197413345259,0.010357614568025045,0.06183499472333104,7.868043344705627e-5,0.14909785225270192,0.7829174010697497,0.0029949426306290616,true,0.010830968414915725
34,1716,0.0005901064025160052,0.017862553660051832,0.00046782286314340805,0.009824280126011569,0.06322916397050697,7.868043344705627e-5,0.14909785225270192,0.7829174010697497,0.0029949426306290616,true,0.011248664001782925
34,1717,0.0005911888857242753,0.017874846215378944,0.0004672299495806241,0.009811828941193106,0.06498228129044993,7.868043344705627e-5,0.14909785225270192,0.7829174010697497,0.0029949426306290616,true,0.010548811527011918
34,1718,0.0005468021670192113,0.01737079572175248,0.0004439915666672454,0.009323822900012152,0.06496688320605835,7.868043344705627e-5,0.14909785225270192,0.7829174010697497,0.0029949426306290616,true,0.010848237122759107
34,1719,0.0006365727395987439,0.018390220061778796,0.00048072462421936275,0.010095217108606619,0.06391150935820351,7.868043344705627e-5,0.14909785225270192,0.7829174010697497,0.0029949426306290616,true,0.010995374340433194
34,1720,0.0008859283202376266,0.02122187347469942,0.0005930700005147111,0.012454470010808934,0.062224251457375424,7.868043344705627e-5,0.14909785225270192,0.7829174010697497,0.0029949426306290616,true,0.009762477763206604
34,1721,0.0008111776224456764,0.02037301311240694,0.0005678692690454182,0.011925254649953783,0.06235991193238724,7.868043344705627e-5,0.14909785225270192,0.7829174010697497,0.0029949426306290616,true,0.01002103088964005
34,1722,0.0007188047614145167,0.019324037482786167,0.0005342738126137167,0.01121975006488805,0.06235218284612769,7.868043344705627e-5,0.14909785225270192,0.7829174010697497,0.0029949426306290616,true,0.009502703411147383
34,1723,0.0006939845850948872,0.019042182403366255,0.0005171520133010623,0.010860192279322308,0.06246991511121323,7.868043344705627e-5,0.14909785225270192,0.7829174010697497,0.0029949426306290616,true,0.010678523110896055
34,1724,0.0006313060373216983,0.018330411993960856,0.0004875634198812266,0.01023883181750576,0.06389580438563372,7.868043344705627e-5,0.14909785225270192,0.7829174010697497,0.0029949426306290616,true,0.012638200267108426
34,1725,0.007470948836034684,0.09600061221370909,0.0033120490207568833,0.06955302943589455,0.01724292105197849,7.868043344705627e-5,0.14909785225270192,0.7829174010697497,0.0029949426306290616,true,0.028461162783289584
34,1726,0.006000778346897574,0.07930552453019273,0.0031511759598574023,0.06617469515700544,0.01694665705002255,7.868043344705627e-5,0.14909785225270192,0.7829174010697497,0.0029949426306290616,true,0.0256801822388005
34,1727,0.004881337206959429,0.06659327916416576,0.003014230394435327,0.06329883828314187,0.016129755216126376,7.868043344705627e-5,0.14909785225270192,0.7829174010697497,0.0029949426306290616,true,0.02654413279450089
34,1728,0.004463142103104295,0.061844303464227354,0.0030383077885981487,0.06380446356056112,0.013982535279971854,7.868043344705627e-5,0.14909785225270192,0.7829174010697497,0.0029949426306290616,true,0.03061647482467254
34,1729,0.003901045807097973,0.055461202308446964,0.00300543813307488,0.06311420079457249,0.011498922388340915,7.868043344705627e-5,0.14909785225270192,0.7829174010697497,0.0029949426306290616,true,0.028582599614050016
34,1730,0.003162926418409471,0.04707920307358898,0.0028326403598643874,0.059485447557152134,0.011378581663651108,7.868043344705627e-5,0.14909785225270192,0.7829174010697497,0.0029949426306290616,true,0.033354382662915426
34,1731,0.002562232887989795,0.04025779614467993,0.0026636297771776684,0.05593622532073104,0.011388488397030069,7.868043344705627e-5,0.14909785225270192,0.7829174010697497,0.0029949426306290616,true,0.03256389856781036
34,1732,0.0021242206541425258,0.035283779386375204,0.0025144038052860693,0.052802479911007456,0.011301366723642854,7.868043344705627e-5,0.14909785225270192,0.7829174010697497,0.0029949426306290616,true,0.03344929300691392
34,1733,0.001913834838449493,0.03289466216064118,0.0024211112307882155,0.050843335846552526,0.010400032266222303,7.868043344705627e-5,0.14909785225270192,0.7829174010697497,0.0029949426306290616,true,0.03332224698643616
34,1734,0.0016647263546420716,0.030065814751036528,0.0023203783653453205,0.04872794567225173,0.009686105257559873,7.868043344705627e-5,0.14909785225270192,0.7829174010697497,0.0029949426306290616,true,0.026463193226064042
34,1735,0.0013841024066478613,0.026879081339860743,0.0021838723162316896,0.045861318640865484,0.010844476078217787,7.868043344705627e-5,0.14909785225270192,0.7829174010697497,0.0029949426306290616,true,0.0258010941042152
35,1736,0.0012117851039471583,0.024809174601499513,0.0020727101600313516,0.043526913360658386,0.012646029038526187,7.66901538418128e-5,0.1464965810127342,0.7865226720416594,0.0029781157396908237,true,0.029292831970571587
35,1737,0.0012121850573845283,0.024813753377588562,0.00203619401154898,0.042760074242528576,0.01130536419310205,7.66901538418128e-5,0.1464965810127342,0.7865226720416594,0.0029781157396908237,true,0.028706902070891813
35,1738,0.0013142831910812698,0.025982600672366806,0.00204668586827844,0.04298040323384724,0.00956010612873401,7.66901538418128e-5,0.1464965810127342,0.7865226720416594,0.0029781157396908237,true,0.020280100227619537
35,1739,0.0011281648866506974,0.023851867535867453,0.0019277562451796972,0.04048288114877364,0.009979147644842085,7.66901538418128e-5,0.1464965810127342,0.7865226720416594,0.0029781157396908237,true,0.02816391888205005
35,1740,0.0009646415914654594,0.02197980823086382,0.001812140991149777,0.03805496081414531,0.010056083964726287,7.66901538418128e-5,0.1464965810127342,0.7865226720416594,0.0029781157396908237,true,0.029304756008659897
35,1741,0.0009117360340975373,0.021374130973413574,0.0017433659113796148,0.03661068413897191,0.010521356312275276,7.66901538418128e-5,0.1464965810127342,0.7865226720416594,0.0029781157396908237,true,0.027383097325027785
35,1742,0.0008556480364617259,0.020732020271362228,0.0016572870537591364,0.034803028128941864,0.010939696720037402,7.66901538418128e-5,0.1464965810127342,0.7865226720416594,0.0029781157396908237,true,0.028397834827684043
35,1743,0.0007514131145442418,0.019538710441952867,0.0015578627850690386,0.03271511848644981,0.010985926347351177,7.66901538418128e-5,0.1464965810127342,0.7865226720416594,0.0029781157396908237,true,0.0267838672848509
35,1744,0.000739412669922494,0.019401326077279474,0.0014863895833141974,0.031214181249598145,0.011177935683015524,7.66901538418128e-5,0.1464965810127342,0.7865226720416594,0.0029781157396908237,true,0.029731846149545757
35,1745,0.0009051846098715635,0.021299128481142567,0.0014842000921588025,0.03116820193533485,0.009752856704706525,7.66901538418128e-5,0.1464965810127342,0.7865226720416594,0.0029781157396908237,true,0.03183629387881823
35,1746,0.0008968535871390492,0.021203752659557436,0.0014497144926784885,0.030444004346248256,0.008939620012678924,7.66901538418128e-5,0.1464965810127342,0.7865226720416594,0.0029781157396908237,true,0.020186721816802738
35,1747,0.0008483583999864679,0.020648566523820376,0.0013828056633463552,0.02903891893027346,0.00894174234542083,7.66901538418128e-5,0.1464965810127342,0.7865226720416594,0.0029781157396908237,true,0.02062390369229335
35,1748,0.0007591211062075999,0.01962695363384754,0.0013029482056811724,0.02736191231930462,0.008890096177461164,7.66901538418128e-5,0.1464965810127342,0.7865226720416594,0.0029781157396908237,true,0.020733773370932736
35,1749,0.0008297821580270491,0.02043590063684241,0.0013008693349999718,0.02731825603499941,0.007644473609756647,7.66901538418128e-5,0.1464965810127342,0.7865226720416594,0.0029781157396908237,true,0.025076857986950227
35,1750,0.0007293513635989869,0.019286141496990306,0.0012232292131947374,0.025687813477089486,0.010069886980248634,7.66901538418128e-5,0.1464965810127342,0.7865226720416594,0.0029781157396908237,true,0.02092192919985004
35,1751,0.0006543702235426654,0.018427736945007617,0.0011501435316956647,0.024153014165608958,0.010095460866451089,7.66901538418128e-5,0.1464965810127342,0.7865226720416594,0.0029781157396908237,true,0.022436954026258976
35,1752,0.0006008558735474797,0.017815090063435037,0.0010826771627018067,0.02273622041673794,0.010083445217537217,7.66901538418128e-5,0.1464965810127342,0.7865226720416594,0.0029781157396908237,true,0.014920801437011848
35,1753,0.0005554236157682673,0.01729496917896685,0.0010230810472755263,0.021484701992786053,0.010261702580490095,7.66901538418128e-5,0.1464965810127342,0.7865226720416594,0.0029781157396908237,true,0.012464056061852899
35,1754,0.0005300241446256247,0.017004189102397992,0.0009651877708130721,0.020268943187074513,0.010483022379688218,7.66901538418128e-5,0.1464965810127342,0.7865226720416594,0.0029781157396908237,true,0.011333969583988277
35,1755,0.0004943696565427472,0.016596006793540525,0.0009089746924489397,0.019088468541427733,0.01279669491021879,7.66901538418128e-5,0.1464965810127342,0.7865226720416594,0.0029781157396908237,true,0.014162963855107132
35,1756,0.0006128802304950003,0.017952748182939,0.0009266551129485668,0.019459757371919902,0.011608323406717707,7.66901538418128e-5,0.1464965810127342,0.7865226720416594,0.0029781157396908237,true,0.012860173711931554
36,1757,0.0008509811435734824,0.02107625348881924,0.0009990191665637208,0.020979402497838136,0.010832499969187991,8.546871428756515e-5,0.13562672767937778,0.7912145679565846,0.003099554498561916,true,0.015568871345384566
36,1758,0.0007861638428856634,0.020369967171466732,0.0009464845869639585,0.01987617632624313,0.015405547220789994,8.546871428756515e-5,0.13562672767937778,0.7912145679565846,0.003099554498561916,true,0.014986036868133192
36,1759,0.0007538252299644044,0.020017587180537297,0.0009176435253064376,0.01927051403143519,0.014957936294174056,8.546871428756515e-5,0.13562672767937778,0.7912145679565846,0.003099554498561916,true,0.01860349605467069
36,1760,0.0007303052745976495,0.0197613003175547,0.0008915989337524998,0.018723577608802496,0.014582238022522537,8.546871428756515e-5,0.13562672767937778,0.7912145679565846,0.003099554498561916,true,0.014426541518788381
36,1761,0.0006825623590074996,0.019241066249273367,0.0008427692976012637,0.01769815524962654,0.014515163983218084,8.546871428756515e-5,0.13562672767937778,0.7912145679565846,0.003099554498561916,true,0.014949722602530423
36,1762,0.0008085180326352957,0.02061355118666214,0.0008600728602969515,0.01806153006623598,0.013385081060887167,8.546871428756515e-5,0.13562672767937778,0.7912145679565846,0.003099554498561916,true,0.015123161389557827
36,1763,0.0008477619553352721,0.02104117537569971,0.0008520920102071605,0.01789393221435037,0.019270260910968142,8.546871428756515e-5,0.13562672767937778,0.7912145679565846,0.003099554498561916,true,0.013763414517408297
36,1764,0.0007581026844104926,0.02006419676650141,0.000803753221769008,0.01687881765714917,0.02001047143387187,8.546871428756515e-5,0.13562672767937778,0.7912145679565846,0.003099554498561916,true,0.014027232962586445
36,1765,0.000742489586608846,0.019894067538166207,0.0007890471539520296,0.01656999023299262,0.020426186345607153,8.546871428756515e-5,0.13562672767937778,0.7912145679565846,0.003099554498561916,true,0.014820006652382353
36,1766,0.0006817950075028949,0.01923270474914067,0.0007431934698598248,0.015607062867056322,0.0204023612262646,8.546871428756515e-5,0.13562672767937778,0.7912145679565846,0.003099554498561916,true,0.015951899038447882
36,1767,0.0006310191060379852,0.01867942153500885,0.0007043740661957934,0.014791855390111661,0.02091018628352858,8.546871428756515e-5,0.13562672767937778,0.7912145679565846,0.003099554498561916,true,0.01658579236391922
36,1768,0.0006162800568810704,0.018518816439766567,0.0006823130024171363,0.014328573050759862,0.02088319005382079,8.546871428756515e-5,0.13562672767937778,0.7912145679565846,0.003099554498561916,true,0.018438498238041702
36,1769,0.0005747866031262608,0.018066680075929552,0.0006413863343301268,0.013469113020932663,0.0225453141022032,8.546871428756515e-5,0.13562672767937778,0.7912145679565846,0.003099554498561916,true,0.017279726553538422
36,1770,0.0005486307850632368,0.017781671347996714,0.0006042638218677178,0.012689540259222074,0.02261850374117489,8.546871428756515e-5,0.13562672767937778,0.7912145679565846,0.003099554498561916,true,0.014362529365018773
36,1771,0.0008922036252352861,0.02152543718601258,0.000713944833079938,0.014992841494678699,0.02018962885722415,8.546871428756515e-5,0.13562672767937778,0.7912145679565846,0.003099554498561916,true,0.013144111867983142
36,1772,0.000792201986689553,0.02043576223398305,0.0006729506475599007,0.014131963598757916,0.02045785570168853,8.546871428756515e-5,0.13562672767937778,0.7912145679565846,0.003099554498561916,true,0.01383457569281343
36,1773,0.0007123193298553159,0.0195653151941175,0.0006333949126793565,0.013301293166266485,0.020444813206408757,8.546871428756515e-5,0.13562672767937778,0.7912145679565846,0.003099554498561916,true,0.014314457573773974
36,1774,0.0006729164652984272,0.019135959083855188,0.000611451174031596,0.012840474654663517,0.021144877090929274,8.546871428756515e-5,0.13562672767937778,0.7912145679565846,0.003099554498561916,true,0.014651951787925764
36,1775,0.0006711588883181533,0.019116807521545612,0.0005915348779156651,0.012422232436228966,0.02117434236662574,8.546871428756515e-5,0.13562672767937778,0.7912145679565846,0.003099554498561916,true,0.015424571936657349
36,1776,0.0009761248417024465,0.022439890677555037,0.0006965613249572118,0.014627787824101448,0.019044751065760437,8.546871428756515e-5,0.13562672767937778,0.7912145679565846,0.003099554498561916,true,0.014976035947745825
36,1777,0.0008644540408863499,0.021223061870627745,0.0006556842572962776,0.01376936940322183,0.019104871960416343,8.546871428756515e-5,0.13562672767937778,0.7912145679565846,0.003099554498561916,true,0.014044647776656488
37,1778,0.0009904167908577348,0.022497514235090416,0.0006977571559987857,0.0146529002759745,0.017794770330736835,8.865728297556625e-5,0.13949167744042906,0.7836502069084559,0.0031479635892505157,true,0.016181740480226747
37,1779,0.0014611153126120845,0.027479702307050456,0.0009376811321290401,0.01969130377470984,0.013283599957422308,8.865728297556625e-5,0.13949167744042906,0.7836502069084559,0.0031479635892505157,true,0.014096168383138794
37,1780,0.0012338346197843385,0.025074011393527322,0.000882511622164658,0.018532744065457817,0.013269855909293117,8.865728297556625e-5,0.13949167744042906,0.7836502069084559,0.0031479635892505157,true,0.01403615853474219
37,1781,0.001081102424649035,0.023457391655757026,0.0008360330485001357,0.01755669401850285,0.014573990777522115,8.865728297556625e-5,0.13949167744042906,0.7836502069084559,0.0031479635892505157,true,0.014906550202924394
37,1782,0.0009416104133330624,0.021980914881787356,0.0007865129231057742,0.016516771385221257,0.014565549889522834,8.865728297556625e-5,0.13949167744042906,0.7836502069084559,0.0031479635892505157,true,0.014279866011718349
37,1783,0.0008289956158968484,0.02078892452154205,0.0007393868929313363,0.015527124751558062,0.014668428930075236,8.865728297556625e-5,0.13949167744042906,0.7836502069084559,0.0031479635892505157,true,0.017067510812905754
37,1784,0.0015906206144436935,0.028850473066296137,0.001091757991888341,0.022926917829655162,0.00894880673990347,8.865728297556625e-5,0.13949167744042906,0.7836502069084559,0.0031479635892505157,true,0.01694668614474689
37,1785,0.0014708937902951971,0.02758320425707391,0.0010734518759235414,0.02254248939439437,0.009024004917993923,8.865728297556625e-5,0.13949167744042906,0.7836502069084559,0.0031479635892505157,true,0.01683017534965733
37,1786,0.0013512081086161536,0.026316370927274468,0.0010675067835614082,0.022417642454789572,0.008255674209195143,8.865728297556625e-5,0.13949167744042906,0.7836502069084559,0.0031479635892505157,true,0.01582493795010336
37,1787,0.0011481771880706185,0.02416735582773494,0.0010035160145320874,0.021073836305173836,0.008467865864818206,8.865728297556625e-5,0.13949167744042906,0.7836502069084559,0.0031479635892505157,true,0.015342349569807569
37,1788,0.0010956500718352106,0.023611373686581998,0.000979546761623559,0.02057048199409474,0.007918495467506196,8.865728297556625e-5,0.13949167744042906,0.7836502069084559,0.0031479635892505157,true,0.014078226479427181
37,1789,0.0009763904856231573,0.022349050436281517,0.0009393555623367685,0.01972646680907214,0.007783108307695791,8.865728297556625e-5,0.13949167744042906,0.7836502069084559,0.0031479635892505157,true,0.011550944797173167
37,1790,0.0010512619896672895,0.02314154052736589,0.0009827337835575257,0.020637409454708038,0.00633152406835494,8.865728297556625e-5,0.13949167744042906,0.7836502069084559,0.0031479635892505157,true,0.011744885990191545
37,1791,0.0009186350720703953,0.02173772849836419,0.0009295218024797742,0.01951995785207526,0.006325341353405092,8.865728297556625e-5,0.13949167744042906,0.7836502069084559,0.0031479635892505157,true,0.011880435804983385
37,1792,0.0008087824903061885,0.02057497527683341,0.0008739548418182266,0.01835305167818276,0.007166904208588242,8.865728297556625e-5,0.13949167744042906,0.7836502069084559,0.0031479635892505157,true,0.011644587943223504
37,1793,0.0007807255081430677,0.020278001406281828,0.0008394536664417545,0.017628526995276846,0.007689059601286972,8.865728297556625e-5,0.13949167744042906,0.7836502069084559,0.0031479635892505157,true,0.012045627420882327
37,1794,0.0007012395874661135,0.019436669242310946,0.0007891252007115124,0.01657162921494176,0.007831680220587549,8.865728297556625e-5,0.13949167744042906,0.7836502069084559,0.0031479635892505157,true,0.011938433898471485
37,1795,0.0008018766780677613,0.020501879539814197,0.0007998414778530538,0.01679667103491413,0.00707664277182411,8.865728297556625e-5,0.13949167744042906,0.7836502069084559,0.0031479635892505157,true,0.011792040542900322
37,1796,0.0007769676293214755,0.02023822550265029,0.0007703896800496229,0.01617818328104208,0.007331683012850285,8.865728297556625e-5,0.13949167744042906,0.7836502069084559,0.0031479635892505157,true,0.01179651720738239
37,1797,0.0007413350946198184,0.01986106691565786,0.0007369093609112141,0.015475096579135497,0.007234716567998441,8.865728297556625e-5,0.13949167744042906,0.7836502069084559,0.0031479635892505157,true,0.011425968133088696
37,1798,0.0006891301918425828,0.01930849529732098,0.0006972186647723938,0.01464159196022027,0.007292251116434044,8.865728297556625e-5,0.13949167744042906,0.7836502069084559,0.0031479635892505157,true,0.011188557719501441
38,1799,0.0006444959076527358,0.018666240238456644,0.0006581934012455644,0.013822061426156853,0.007719428438095946,8.73464838621853e-5,0.1351112717366239,0.7880995031412072,0.0030564256675467256,true,0.010101269156711935
38,1800,0.0006103309823755949,0.01830442150696275,0.0006298209802621404,0.013226240585504947,0.007542901739367093,8.73464838621853e-5,0.1351112717366239,0.7880995031412072,0.0030564256675467256,true,0.011382111765577364
38,1801,0.0005684694654725475,0.017861093127889582,0.0005922984365220207,0.012438267166962435,0.008570273840000166,8.73464838621853e-5,0.1351112717366239,0.7880995031412072,0.0030564256675467256,true,0.010689124648442818
38,1802,0.0007584318747859522,0.01987286272526924,0.0006414807460897964,0.013471095667885725,0.00735008519340475,8.73464838621853e-5,0.1351112717366239,0.7880995031412072,0.0030564256675467256,true,0.011889259536870074
38,1803,0.0006853926261791149,0.01909935105896758,0.0006031273055600986,0.01266567341676207,0.009644630982979248,8.73464838621853e-5,0.1351112717366239,0.7880995031412072,0.0030564256675467256,true,0.010901944764350021
38,1804,0.0006512331797491533,0.018737590350417402,0.0005731771548715453,0.01203672025230245,0.011177209771740445,8.73464838621853e-5,0.1351112717366239,0.7880995031412072,0.0030564256675467256,true,0.011839147309583358
38,1805,0.0007471233402718089,0.019753101315584557,0.0005923435067018313,0.012439213640738456,0.010289673371655478,8.73464838621853e-5,0.1351112717366239,0.7880995031412072,0.0030564256675467256,true,0.012804509825848773
38,1806,0.00081810909577726,0.020504865758292194,0.0006085141505336497,0.012778797161206643,0.009720389477927966,8.73464838621853e-5,0.1351112717366239,0.7880995031412072,0.0030564256675467256,true,0.012111227315190758
38,1807,0.000749342699394651,0.01977660511944311,0.0005843654791669831,0.012271675062506645,0.010932001349492142,8.73464838621853e-5,0.1351112717366239,0.7880995031412072,0.0030564256675467256,true,0.011255435130496509
38,1808,0.0006959099621171108,0.019210733393830372,0.0005620946877387119,0.01180398844251295,0.010971069677986762,8.73464838621853e-5,0.1351112717366239,0.7880995031412072,0.0030564256675467256,true,0.011197999528541419
38,1809,0.0006505459554400479,0.018730312400129054,0.0005316484905990653,0.011164618302580372,0.012861858062202655,8.73464838621853e-5,0.1351112717366239,0.7880995031412072,0.0030564256675467256,true,0.01105887148720993
38,1810,0.0006139501924926324,0.01834275023161044,0.0005102079579851202,0.010714367117687524,0.01394052610591925,8.73464838621853e-5,0.1351112717366239,0.7880995031412072,0.0030564256675467256,true,0.011567066702660963
38,1811,0.0005889463116448754,0.018077950224662583,0.0004922399811065252,0.010337039603237029,0.01374832216076199,8.73464838621853e-5,0.1351112717366239,0.7880995031412072,0.0030564256675467256,true,0.012760855629720767
38,1812,0.000557052787115141,0.01774018643637358,0.000468086665278843,0.009829819970855703,0.013920728123759926,8.73464838621853e-5,0.1351112717366239,0.7880995031412072,0.0030564256675467256,true,0.012717198661370869
38,1813,0.0006177784860216117,0.018383293224086068,0.0004906995841603403,0.010304691267367145,0.013162239318809433,8.73464838621853e-5,0.1351112717366239,0.7880995031412072,0.0030564256675467256,true,0.011067406947856583
38,1814,0.0007100845098920773,0.019360846905094785,0.0005105230478052654,0.010720984003910574,0.013723962949979357,8.73464838621853e-5,0.1351112717366239,0.7880995031412072,0.0030564256675467256,true,0.012261670945853214
38,1815,0.0006576971216060706,0.018806045797755522,0.0004884876563512472,0.010258240783376192,0.014338097766637673,8.73464838621853e-5,0.1351112717366239,0.7880995031412072,0.0030564256675467256,true,0.011237561094509189
38,1816,0.0006236314427497079,0.018445278121218725,0.00047193993922859816,0.009910738723800562,0.015272903873204988,8.73464838621853e-5,0.1351112717366239,0.7880995031412072,0.0030564256675467256,true,0.01127115533570604
38,1817,0.000636682816797891,0.01858349682253476,0.0004774646482042051,0.010026757612288308,0.014979159674362297,8.73464838621853e-5,0.1351112717366239,0.7880995031412072,0.0030564256675467256,true,0.011337872274317833
38,1818,0.0006148453626062212,0.018352230402058425,0.00045574184428541075,0.009570578729993626,0.014883535886393335,8.73464838621853e-5,0.1351112717366239,0.7880995031412072,0.0030564256675467256,true,0.012713106097845601
38,1819,0.0005816061422431246,0.01800021521542875,0.0004363732720502749,0.009163838713055773,0.01492962201279087,8.73464838621853e-5,0.1351112717366239,0.7880995031412072,0.0030564256675467256,true,0.01055625865115154
39,1820,0.0005942283575389299,0.01807725260252487,0.0004386293713864869,0.009211216799116224,0.014520300717035138,8.728539916652635e-5,0.1333007572773633,0.7894666220952776,0.0030733137460868336,true,0.014346683632010575
39,1821,0.0005564104084872309,0.017678128370207328,0.0004128391902708763,0.008669622995688402,0.015356729296264702,8.728539916652635e-5,0.1333007572773633,0.7894666220952776,0.0030733137460868336,true,0.011714872668248126
39,1822,0.0006916730325327276,0.019105667206584014,0.000449977879968217,0.009449535479332557,0.01435947493745465,8.728539916652635e-5,0.1333007572773633,0.7894666220952776,0.0030733137460868336,true,0.01582511150717922
39,1823,0.0006488185341950766,0.018653388085709797,0.00043448810413349595,0.009124250186803415,0.014612205440493686,8.728539916652635e-5,0.1333007572773633,0.7894666220952776,0.0030733137460868336,true,0.012898182007908389
39,1824,0.0009461978788460653,0.021791879347588188,0.0005462269694956462,0.011470766359408571,0.012558364212714238,8.728539916652635e-5,0.1333007572773633,0.7894666220952776,0.0030733137460868336,true,0.013070280833755442
39,1825,0.0010868338109075277,0.023276127167150242,0.000611645566296632,0.012844556892229273,0.011066706089838068,8.728539916652635e-5,0.1333007572773633,0.7894666220952776,0.0030733137460868336,true,0.011711901247088354
39,1826,0.0009490873506512007,0.02182237434387821,0.0005752516294363148,0.012080284218162611,0.01107520550430263,8.728539916652635e-5,0.1333007572773633,0.7894666220952776,0.0030733137460868336,true,0.012163320551621611
39,1827,0.0008908318198860387,0.02120755533391258,0.0005582907522804133,0.01172410579788868,0.011279310733723694,8.728539916652635e-5,0.1333007572773633,0.7894666220952776,0.0030733137460868336,true,0.013575701175680745
39,1828,0.0009499501223054713,0.021831479889863937,0.0006098521971027916,0.012806896139158624,0.00994754645100826,8.728539916652635e-5,0.1333007572773633,0.7894666220952776,0.0030733137460868336,true,0.011040130325243019
39,1829,0.0008591106842994593,0.020872775838812876,0.0005883963023080491,0.01235632234846903,0.01031504718059013,8.728539916652635e-5,0.1333007572773633,0.7894666220952776,0.0030733137460868336,true,0.011750409280995132
39,1830,0.0010622524058372103,0.02301669917927695,0.0006698193113471958,0.014066205538291113,0.008749229644522979,8.728539916652635e-5,0.1333007572773633,0.7894666220952776,0.0030733137460868336,true,0.011871743160605575
39,1831,0.0011231825486865588,0.023659745592410023,0.0007048086121113588,0.014800980854338534,0.007590473038088222,8.728539916652635e-5,0.1333007572773633,0.7894666220952776,0.0030733137460868336,true,0.012296063311480391
39,1832,0.0009742029354516313,0.02208743997419503,0.0006636323592757539,0.013936279544790833,0.0076487634635473475,8.728539916652635e-5,0.1333007572773633,0.7894666220952776,0.0030733137460868336,true,0.01134980488845504
39,1833,0.0008793174111063216,0.021086034212856746,0.0006395398585377942,0.013430337029293677,0.00743087618624528,8.728539916652635e-5,0.1333007572773633,0.7894666220952776,0.0030733137460868336,true,0.011765227429512626
39,1834,0.0008018835422366182,0.020268810269121775,0.0006063562575267248,0.012733481408061222,0.008177956285460123,8.728539916652635e-5,0.1333007572773633,0.7894666220952776,0.0030733137460868336,true,0.012112890653366525
39,1835,0.0008754664151645946,0.021045391453599797,0.0006529437386398622,0.013711818511437105,0.006795153444409097,8.728539916652635e-5,0.1333007572773633,0.7894666220952776,0.0030733137460868336,true,0.01107954094700638
39,1836,0.0008581088718395483,0.020862202879701804,0.0006592111947352673,0.013843435089440614,0.0067777554050044014,8.728539916652635e-5,0.1333007572773633,0.7894666220952776,0.0030733137460868336,true,0.01094952576107702
39,1837,0.0008911999103602352,0.021211440098465418,0.000688508431703616,0.014458677065775936,0.0061564388933976495,8.728539916652635e-5,0.1333007572773633,0.7894666220952776,0.0030733137460868336,true,0.010059124839783027
39,1838,0.0008146746694452019,0.020403805660347853,0.0006634143792001603,0.013931701963203365,0.006419427307229915,8.728539916652635e-5,0.1333007572773633,0.7894666220952776,0.0030733137460868336,true,0.010218785212669081
39,1839,0.0007306961536648474,0.01951751062102195,0.0006247971641434708,0.013120740447012887,0.006963054293782212,8.728539916652635e-5,0.1333007572773633,0.7894666220952776,0.0030733137460868336,true,0.010793322023700667
39,1840,0.0006783052544415512,0.018964585939560824,0.0005980504403007036,0.012559059246314775,0.007158122319603941,8.728539916652635e-5,0.1333007572773633,0.7894666220952776,0.0030733137460868336,true,0.010623534995860485
40,1841,0.0006230768856135299,0.018235327479949243,0.0005660466317965459,0.011886979267727464,0.007442272154071791,8.554446281786021e-5,0.13258012556927826,0.7909939622729549,0.0030207434790113156,true,0.011952235255006311
40,1842,0.0006683772030107293,0.01871643607817212,0.0005827971298101057,0.012238739726012221,0.007074464589692264,8.554446281786021e-5,0.13258012556927826,0.7909939622729549,0.0030207434790113156,true,0.014111771070225302
40,1843,0.0006153099482311376,0.018152839308315405,0.0005499030816064895,0.01154796471373628,0.00712095806445166,8.554446281786021e-5,0.13258012556927826,0.7909939622729549,0.0030207434790113156,true,0.013668867365682498
40,1844,0.000615510504934732,0.01815496930563274,0.0005435816238558142,0.011415214100972099,0.0067059355188856425,8.554446281786021e-5,0.13258012556927826,0.7909939622729549,0.0030207434790113156,true,0.01418957707170898
40,1845,0.0006183162400090976,0.018184767403000957,0.0005255444043678584,0.011036432491725026,0.006586332421975609,8.554446281786021e-5,0.13258012556927826,0.7909939622729549,0.0030207434790113156,true,0.014735230231849536
40,1846,0.0005854056456474849,0.017835242922164183,0.0005027044677039412,0.010556793821782765,0.00701692335241855,8.554446281786021e-5,0.13258012556927826,0.7909939622729549,0.0030207434790113156,true,0.012861081310842314
40,1847,0.0005545585580492483,0.017507633758998286,0.00047335696162705904,0.00994049619416824,0.007093410475810228,8.554446281786021e-5,0.13258012556927826,0.7909939622729549,0.0030207434790113156,true,0.011935633424049791
40,1848,0.0005734051825246144,0.017707792910270304,0.00047475607830497666,0.00996987764440451,0.0075306873158803855,8.554446281786021e-5,0.13258012556927826,0.7909939622729549,0.0030207434790113156,true,0.01209984997348559
40,1849,0.0005591237522033414,0.017556118058585708,0.000451423746602955,0.009479898678662054,0.007772608487268881,8.554446281786021e-5,0.13258012556927826,0.7909939622729549,0.0030207434790113156,true,0.014298501242584387
40,1850,0.0006311252299020212,0.018320804312367434,0.0004615236026131149,0.009691995654875413,0.0071635553046728515,8.554446281786021e-5,0.13258012556927826,0.7909939622729549,0.0030207434790113156,true,0.012498348589318125
40,1851,0.0006519081082337226,0.018541527301425775,0.0004566099214699287,0.009588808350868503,0.006867705583733966,8.554446281786021e-5,0.13258012556927826,0.7909939622729549,0.0030207434790113156,true,0.012707905895860632
40,1852,0.0006071262283975818,0.018065924730149244,0.0004348663892406422,0.009132194174053487,0.006781308153370671,8.554446281786021e-5,0.13258012556927826,0.7909939622729549,0.0030207434790113156,true,0.011648580927102048
40,1853,0.0005841940430377333,0.017822375188190714,0.0004133840953048278,0.008681066001401384,0.006708985051450988,8.554446281786021e-5,0.13258012556927826,0.7909939622729549,0.0030207434790113156,true,0.013720036570763318
40,1854,0.0005493833215068528,0.017452670550318038,0.0003912332537669995,0.00821589832910699,0.0066647816484433,8.554446281786021e-5,0.13258012556927826,0.7909939622729549,0.0030207434790113156,true,0.010768281748899463
40,1855,0.0006549520902289027,0.018573855682215604,0.00041777285499506835,0.008773229954896435,0.006599737499862524,8.554446281786021e-5,0.13258012556927826,0.7909939622729549,0.0030207434790113156,true,0.01363285827843341
40,1856,0.0006049045597068186,0.018042329665678574,0.0003927071697970435,0.008246850565737913,0.006756316030889199,8.554446281786021e-5,0.13258012556927826,0.7909939622729549,0.0030207434790113156,true,0.010823699087108882
40,1857,0.0006851289172611346,0.018894346393682208,0.0004135449376587361,0.008684443690833458,0.0060969185169386965,8.554446281786021e-5,0.13258012556927826,0.7909939622729549,0.0030207434790113156,true,0.01237643400910469
40,1858,0.0006800749197093492,0.018840670794541447,0.00042030315935527146,0.0088263663464607,0.006083241373739791,8.554446281786021e-5,0.13258012556927826,0.7909939622729549,0.0030207434790113156,true,0.012644993804017627
40,1859,0.0007138860649126173,0.019199759507550335,0.0004270807280226524,0.0089686952884757,0.009431186289579419,8.554446281786021e-5,0.13258012556927826,0.7909939622729549,0.0030207434790113156,true,0.013209859936991513
40,1860,0.0007071197687679588,0.019127898570577766,0.0004352611512297512,0.009140484175824776,0.009151103446401167,8.554446281786021e-5,0.13258012556927826,0.7909939622729549,0.0030207434790113156,true,0.011892258943496157
40,1861,0.0006801861118586026,0.018841851702361398,0.00043159066971111093,0.00906340406393333,0.009283926751046341,8.554446281786021e-5,0.13258012556927826,0.7909939622729549,0.0030207434790113156,true,0.011655931817580822
41,1862,0.0006857179785240632,0.01884219453035166,0.0004266234375103998,0.008959092187718396,0.009009893239029648,8.575444687875849e-5,0.1314023954244241,0.7914208825129534,0.0029880396448538,true,0.011884991364907168
41,1863,0.0006751945108044988,0.01873108328366555,0.0004296708733183568,0.009023088339685494,0.008536661459975102,8.575444687875849e-5,0.1314023954244241,0.7914208825129534,0.0029880396448538,true,0.011528279941183436
41,1864,0.0006248718039147971,0.018199754747470258,0.0004087540089898092,0.008583834188785994,0.009361823702270311,8.575444687875849e-5,0.1314023954244241,0.7914208825129534,0.0029880396448538,true,0.011455585415202382
41,1865,0.0005810768631179537,0.017737349141242656,0.0003860001428621737,0.008106003000105647,0.0093665497579416,8.575444687875849e-5,0.1314023954244241,0.7914208825129534,0.0029880396448538,true,0.009117176478593168
41,1866,0.0005542918342904628,0.017454541418079977,0.00037024162641923424,0.007775074154803919,0.0095902303424085,8.575444687875849e-5,0.1314023954244241,0.7914208825129534,0.0029880396448538,true,0.010198758588880676
41,1867,0.0005823860603822842,0.01775117220262074,0.0003825553122588109,0.00803366155743503,0.01068743857549146,8.575444687875849e-5,0.1314023954244241,0.7914208825129534,0.0029880396448538,true,0.008775176466778703
41,1868,0.0005671275873246988,0.01759006675628551,0.0003650059829121373,0.007665125641154884,0.010604858511067737,8.575444687875849e-5,0.1314023954244241,0.7914208825129534,0.0029880396448538,true,0.010031936349464384
41,1869,0.0006824862419743053,0.01880807248174813,0.0003991427687171597,0.008381998143060353,0.009684334495043025,8.575444687875849e-5,0.1314023954244241,0.7914208825129534,0.0029880396448538,true,0.01295404308793434
41,1870,0.0006559182527279663,0.018527556354766925,0.0003948625058737168,0.008292112623348053,0.009959972227054203,8.575444687875849e-5,0.1314023954244241,0.7914208825129534,0.0029880396448538,true,0.011876680481581265
41,1871,0.0006100101310774963,0.0180428388865774,0.0003718128453718692,0.007808069752809253,0.009966468942414252,8.575444687875849e-5,0.1314023954244241,0.7914208825129534,0.0029880396448538,true,0.010108891988393993
41,1872,0.0005735235374899894,0.017657597917642757,0.0003545308264068246,0.007445147354543316,0.009974005221586518,8.575444687875849e-5,0.1314023954244241,0.7914208825129534,0.0029880396448538,true,0.009341603336077399
41,1873,0.0005396577730027155,0.017300028776706104,0.00033372819405952663,0.007008292075250059,0.010505562312355209,8.575444687875849e-5,0.1314023954244241,0.7914208825129534,0.0029880396448538,true,0.009558569547111049
41,1874,0.0005129493164991942,0.0170180295366979,0.0003139748057193982,0.006593470920107362,0.01052540699137109,8.575444687875849e-5,0.1314023954244241,0.7914208825129534,0.0029880396448538,true,0.008907468029708147
41,1875,0.000492886458267014,0.0168061973488992,0.00029513631737623433,0.006197862664900921,0.010928004695034394,8.575444687875849e-5,0.1314023954244241,0.7914208825129534,0.0029880396448538,true,0.009321948852391414
41,1876,0.0005997624878852059,0.017934639912528857,0.0003235390858729026,0.006794320803330955,0.010739677432905919,8.575444687875849e-5,0.1314023954244241,0.7914208825129534,0.0029880396448538,true,0.011387421014180953
41,1877,0.000591995073610905,0.017852628249971983,0.0003135221386838082,0.006583964912359972,0.012936588281187156,8.575444687875849e-5,0.1314023954244241,0.7914208825129534,0.0029880396448538,true,0.010715789529845756
41,1878,0.0005589864933809109,0.01750410962489228,0.0002995471575752647,0.006290490309080558,0.015049074906649995,8.575444687875849e-5,0.1314023954244241,0.7914208825129534,0.0029880396448538,true,0.010849499369772725
41,1879,0.000578888187764459,0.017714240176251405,0.00031232461748487405,0.006558816967182355,0.014796580081582383,8.575444687875849e-5,0.1314023954244241,0.7914208825129534,0.0029880396448538,true,0.010337579697341734
41,1880,0.0010061499555259832,0.022225451588914938,0.0005264575936148566,0.011055609465911989,0.011651234154136244,8.575444687875849e-5,0.1314023954244241,0.7914208825129534,0.0029880396448538,true,0.013511224362888916
41,1881,0.0009072288728538718,0.021181000737528353,0.0005118704342957281,0.01074927912021029,0.011410864654309396,8.575444687875849e-5,0.1314023954244241,0.7914208825129534,0.0029880396448538,true,0.014626793722880569
41,1882,0.0008538565799999552,0.02061747337606081,0.0005115727940718396,0.010743028675508632,0.012140055630489142,8.575444687875849e-5,0.1314023954244241,0.7914208825129534,0.0029880396448538,true,0.016267111558734903
42,1883,0.0007615372726513438,0.019543510764580777,0.0004853646236884832,0.010192657097458147,0.012067823255327619,8.415185514029121e-5,0.13173394620420972,0.7920607628522606,0.002966083917827338,true,0.01491903707278317
42,1884,0.0006906436887045266,0.018789292010891596,0.00045649368158248244,0.009586367313232131,0.012066404456086489,8.415185514029121e-5,0.13173394620420972,0.7920607628522606,0.002966083917827338,true,0.01012084373993664
42,1885,0.0007281974462439251,0.019188816856877077,0.0004834771832957998,0.010153020849211797,0.011749245490442338,8.415185514029121e-5,0.13173394620420972,0.7920607628522606,0.002966083917827338,true,0.01725846495704579
42,1886,0.0006711725347975151,0.018582143371832057,0.00045652349005008213,0.009586993291051725,0.012002278252006298,8.415185514029121e-5,0.13173394620420972,0.7920607628522606,0.002966083917827338,true,0.013719467409146537
42,1887,0.0006480790763685011,0.018336457959062264,0.0004499544078438824,0.00944904256472153,0.011655623253819471,8.415185514029121e-5,0.13173394620420972,0.7920607628522606,0.002966083917827338,true,0.01427552922863628
42,1888,0.0007870165056461341,0.01981457782431221,0.0005233178207829577,0.010989674236442112,0.01196391077014367,8.415185514029121e-5,0.13173394620420972,0.7920607628522606,0.002966083917827338,true,0.014622867550815264
42,1889,0.0007075237147138186,0.018968874301279397,0.0004923679370594118,0.010339726678247648,0.012792976870385601,8.415185514029121e-5,0.13173394620420972,0.7920607628522606,0.002966083917827338,true,0.014914171923577815
42,1890,0.0006446178820992608,0.01829963519622972,0.0004636315646541149,0.009736262857736414,0.035844018318254796,8.415185514029121e-5,0.13173394620420972,0.7920607628522606,0.002966083917827338,true,0.015341544852651708
42,1891,0.000656184420745538,0.018422688650105566,0.00047202023797512536,0.009912424997477633,0.03525315047688922,8.415185514029121e-5,0.13173394620420972,0.7920607628522606,0.002966083917827338,true,0.01711491773891805
42,1892,0.0006040735219212484,0.017868294091715586,0.0004447309164687962,0.00933934924584472,0.035248083841797055,8.415185514029121e-5,0.13173394620420972,0.7920607628522606,0.002966083917827338,true,0.016786654592790988
42,1893,0.000583270726409228,0.017646978457340305,0.00042352598998827203,0.008894045789753714,0.03518132982750981,8.415185514029121e-5,0.13173394620420972,0.7920607628522606,0.002966083917827338,true,0.009761444383005167
42,1894,0.000600201771435469,0.017827103526033776,0.00043047707327220863,0.009040018538716381,0.03481822684086547,8.415185514029121e-5,0.13173394620420972,0.7920607628522606,0.002966083917827338,true,0.009375393195794958
42,1895,0.0005600585759104306,0.017400030309920052,0.0004061094329202723,0.008528298091325718,0.03513559393660046,8.415185514029121e-5,0.13173394620420972,0.7920607628522606,0.002966083917827338,true,0.008952621644562815
42,1896,0.0005976270378972575,0.01779971159277042,0.0004058987291648541,0.008523873312461936,0.03627366385671625,8.415185514029121e-5,0.13173394620420972,0.7920607628522606,0.002966083917827338,true,0.009675970993755237
42,1897,0.0006162749596868961,0.017998102075350977,0.00041635611722649673,0.00874347846175643,0.036940956761300124,8.415185514029121e-5,0.13173394620420972,0.7920607628522606,0.002966083917827338,true,0.009068922318060575
42,1898,0.0008455627013646439,0.020437435864627713,0.0005325847990530611,0.011184280780114284,0.03465958634394504,8.415185514029121e-5,0.13173394620420972,0.7920607628522606,0.002966083917827338,true,0.021089134052270867
42,1899,0.0010073560571412124,0.022158714101040984,0.000632215255850133,0.013276520372852792,0.033448143486560195,8.415185514029121e-5,0.13173394620420972,0.7920607628522606,0.002966083917827338,true,0.02010724461343949
42,1900,0.0009300511881037591,0.02133628732087887,0.0006098829403591934,0.01280754174754306,0.03510430845569152,8.415185514029121e-5,0.13173394620420972,0.7920607628522606,0.002966083917827338,true,0.02760615088606861
42,1901,0.0008977071150852558,0.020992186979449556,0.0006174416614699483,0.012966274890868915,0.03762603098705708,8.415185514029121e-5,0.13173394620420972,0.7920607628522606,0.002966083917827338,true,0.028228407692709803
42,1902,0.0008071323995185472,0.020028585687381688,0.0005829732880899034,0.012242439049887971,0.03799283261317735,8.415185514029121e-5,0.13173394620420972,0.7920607628522606,0.002966083917827338,true,0.020429746411680393
42,1903,0.0008599701142725391,0.020590712655027106,0.0006221609352091492,0.013065379639392133,0.041535211085138905,8.415185514029121e-5,0.13173394620420972,0.7920607628522606,0.002966083917827338,true,0.017161400678552624
43,1904,0.0007622947003077244,0.019458289376645285,0.0005849835338478628,0.012284654210805119,0.04165843884675662,8.285150979009161e-5,0.13102434137384875,0.7934593781234693,0.003003554598886032,true,0.012549437760504718
43,1905,0.0006905538936143051,0.0186909309203743,0.0005500503291778315,0.011551056912734461,0.04273991102993813,8.285150979009161e-5,0.13102434137384875,0.7934593781234693,0.003003554598886032,true,0.01566531467844285
43,1906,0.0006900383461517698,0.01868541648970061,0.0005523908940967789,0.011600208776032355,0.042152333469486276,8.285150979009161e-5,0.13102434137384875,0.7934593781234693,0.003003554598886032,true,0.015771256989328374
43,1907,0.0006825323023526471,0.01860512987950104,0.0005364843438968399,0.011266171221833637,0.041914208216210905,8.285150979009161e-5,0.13102434137384875,0.7934593781234693,0.003003554598886032,true,0.015814045394355287
43,1908,0.0006261330664732232,0.018001868882391737,0.0005043183105686251,0.010590684521941127,0.042026277114236225,8.285150979009161e-5,0.13102434137384875,0.7934593781234693,0.003003554598886032,true,0.0127282642687896
43,1909,0.0008754306515820863,0.020668421140142824,0.0005929171403236678,0.012451259946797024,0.0401627340744185,8.285150979009161e-5,0.13102434137384875,0.7934593781234693,0.003003554598886032,true,0.011279671768571895
43,1910,0.0009110257437268045,0.0210491555675618,0.0006075352634421952,0.0127582405322861,0.03946292668224027,8.285150979009161e-5,0.13102434137384875,0.7934593781234693,0.003003554598886032,true,0.013467851314448734
43,1911,0.003709369021784861,0.05098096811524379,0.001954951338326084,0.04105397810484777,0.01734317321007522,8.285150979009161e-5,0.13102434137384875,0.7934593781234693,0.003003554598886032,true,0.029650509313020403
43,1912,0.0030261237171906098,0.04367279740525461,0.001838408754744842,0.03860658384964168,0.017387350125214716,8.285150979009161e-5,0.13102434137384875,0.7934593781234693,0.003003554598886032,true,0.026446314878800007
43,1913,0.0024839878760546255,0.037873970470939676,0.0017288321241268002,0.03630547460666281,0.018052783514736742,8.285150979009161e-5,0.13102434137384875,0.7934593781234693,0.003003554598886032,true,0.026101308429320576
43,1914,0.002062095868070862,0.03336130306613918,0.0016265758843295604,0.03415809357092077,0.018667515711308636,8.285150979009161e-5,0.13102434137384875,0.7934593781234693,0.003003554598886032,true,0.02610733924866211
43,1915,0.0017537689658434306,0.03006335777356472,0.001539557794754359,0.03233071368984154,0.018492619260401754,8.285150979009161e-5,0.13102434137384875,0.7934593781234693,0.003003554598886032,true,0.02255856907981037
43,1916,0.001505801592501359,0.02741103380923443,0.0014676873368575927,0.030821434074009446,0.018150908425344833,8.285150979009161e-5,0.13102434137384875,0.7934593781234693,0.003003554598886032,true,0.01518474099578343
43,1917,0.0014497970338917172,0.02681199438356298,0.001472066154072883,0.030913389235530546,0.016712911856404354,8.285150979009161e-5,0.13102434137384875,0.7934593781234693,0.003003554598886032,true,0.01681853473505591
43,1918,0.0013700396666085875,0.025958888695803345,0.0014585910709150759,0.030630412489216594,0.015495356233080654,8.285150979009161e-5,0.13102434137384875,0.7934593781234693,0.003003554598886032,true,0.01653747731089742
43,1919,0.0011738705653635884,0.023860612615040553,0.0013754034304790204,0.02888347204005943,0.01664750761728206,8.285150979009161e-5,0.13102434137384875,0.7934593781234693,0.003003554598886032,true,0.01591430664824587
43,1920,0.001119411968151653,0.02327810919734387,0.0013517781979474441,0.028387342156896325,0.01625080788285041,8.285150979009161e-5,0.13102434137384875,0.7934593781234693,0.003003554598886032,true,0.018183437801679195
43,1921,0.0011888533735145302,0.02402087265480347,0.0013856420040785455,0.029098482085649455,0.014434473621699246,8.285150979009161e-5,0.13102434137384875,0.7934593781234693,0.003003554598886032,true,0.01974901107203293
43,1922,0.0014990858485470636,0.02733920045314322,0.0014979585332480728,0.03145712919820953,0.011602422567541864,8.285150979009161e-5,0.13102434137384875,0.7934593781234693,0.003003554598886032,true,0.02734500312311636
43,1923,0.0013431197887746938,0.025670946632565923,0.0014326672451285573,0.030086012147699702,0.011574817155341892,8.285150979009161e-5,0.13102434137384875,0.7934593781234693,0.003003554598886032,true,0.02717985494152958
43,1924,0.0017214336588571091,0.029717490861890475,0.0016334159631431772,0.03430173522600672,0.008418369859031084,8.285150979009161e-5,0.13102434137384875,0.7934593781234693,0.003003554598886032,true,0.040076994972565894
44,1925,0.0014713330206060397,0.02697568535796091,0.001542956925802912,0.03240209544186115,0.009031497278095862,8.2176348008709e-5,0.1308766618286907,0.7937479271465855,0.00316192655914146,true,0.031813075835647374
44,1926,0.0014205059673847403,0.026431425316587695,0.001515433648606468,0.03182410662073583,0.008576733039574257,8.2176348008709e-5,0.1308766618286907,0.7937479271465855,0.00316192655914146,true,0.03432314511832806
44,1927,0.0012122100904226546,0.02420097685600789,0.0014245965607325864,0.029916527775384314,0.008841201243906627,8.2176348008709e-5,0.1308766618286907,0.7937479271465855,0.00316192655914146,true,0.02780394207818854
44,1928,0.0010463047490808664,0.022424449549780342,0.0013420701553379768,0.02818347326209751,0.010347044182353557,8.2176348008709e-5,0.1308766618286907,0.7937479271465855,0.00316192655914146,true,0.02471312949539803
44,1929,0.0009199278295361061,0.021071195660349127,0.001268293107204813,0.02663415525130107,0.010291438688449743,8.2176348008709e-5,0.1308766618286907,0.7937479271465855,0.00316192655914146,true,0.01862466059829351
44,1930,0.0008200749939517287,0.020001963726131618,0.0011992408667726203,0.025184058202225027,0.02128564430927619,8.2176348008709e-5,0.1308766618286907,0.7937479271465855,0.00316192655914146,true,0.017076595710419338
44,1931,0.0007426360783735224,0.019172741791643595,0.0011354911227735162,0.023845313578243838,0.022965530657176544,8.2176348008709e-5,0.1308766618286907,0.7937479271465855,0.00316192655914146,true,0.015102147894190947
44,1932,0.0007711533093422559,0.01947810652013406,0.0011240446377676222,0.023604937393120067,0.02330826756750757,8.2176348008709e-5,0.1308766618286907,0.7937479271465855,0.00316192655914146,true,0.01083101489648926
44,1933,0.0006967786936571158,0.018681697347371937,0.0010600070711282575,0.02226014849369341,0.024399606973903025,8.2176348008709e-5,0.1308766618286907,0.7937479271465855,0.00316192655914146,true,0.009650439325740163
44,1934,0.0007467725673278189,0.019217035637277398,0.0010370605448985324,0.02177827144286918,0.025048172453760224,8.2176348008709e-5,0.1308766618286907,0.7937479271465855,0.00316192655914146,true,0.011140872953089792
44,1935,0.0007808290047627856,0.019581714619682222,0.0010131945316493025,0.02127708516463535,0.027999747076954126,8.2176348008709e-5,0.1308766618286907,0.7937479271465855,0.00316192655914146,true,0.010841783335734287
44,1936,0.0007024750315511311,0.018742694176843322,0.0009524855361805042,0.020002196259790588,0.027998432016951517,8.2176348008709e-5,0.1308766618286907,0.7937479271465855,0.00316192655914146,true,0.010383861067097553
44,1937,0.0006410096277202302,0.018084517849241297,0.0008953367636947534,0.018802072037589823,0.02824056594203713,8.2176348008709e-5,0.1308766618286907,0.7937479271465855,0.00316192655914146,true,0.009142940777559266
44,1938,0.0006141083859108526,0.017796457258429252,0.0008477768211633856,0.017803313244431098,0.029712108627701916,8.2176348008709e-5,0.1308766618286907,0.7937479271465855,0.00316192655914146,true,0.01000372415199011
44,1939,0.0005793762612202086,0.01742454296430708,0.0007987057605807261,0.01677282097219525,0.030763452905732954,8.2176348008709e-5,0.1308766618286907,0.7937479271465855,0.00316192655914146,true,0.010043370881579491
44,1940,0.0007325525174717176,0.0190647662367809,0.0008242403218168165,0.017309046758153146,0.030698277220301218,8.2176348008709e-5,0.1308766618286907,0.7937479271465855,0.00316192655914146,true,0.009702018948670493
44,1941,0.0007214859479352337,0.01894626454895804,0.0008098828917390736,0.017007540726520547,0.0314857607769047,8.2176348008709e-5,0.1308766618286907,0.7937479271465855,0.00316192655914146,true,0.010781126195434795
44,1942,0.0006774994712086521,0.01847525393303984,0.000767280360573607,0.016112887572045747,0.03168738639519875,8.2176348008709e-5,0.1308766618286907,0.7937479271465855,0.00316192655914146,true,0.011709114828419956
44,1943,0.0006940140090860736,0.018652092889831034,0.0007467755251039875,0.015682286027183738,0.031264316110992105,8.2176348008709e-5,0.1308766618286907,0.7937479271465855,0.00316192655914146,true,0.01139119001993576
44,1944,0.0006681938212779608,0.018375608309394668,0.0007248988927411185,0.015222876747563488,0.03122764207214196,8.2176348008709e-5,0.1308766618286907,0.7937479271465855,0.00316192655914146,true,0.010886407275911957
44,1945,0.000792815462461052,0.019710066541529285,0.000778726874120336,0.016353264356527057,0.02976597523221553,8.2176348008709e-5,0.1308766618286907,0.7937479271465855,0.00316192655914146,true,0.011834598035493245
45,1946,0.0008480010368091348,0.02072156980993529,0.0007763368272653278,0.016303073372571884,0.029060491467725658,8.687659864336292e-5,0.13782199565133832,0.7851101382492843,0.0033207209149934847,true,0.013076938727386368
45,1947,0.0008638907335473453,0.02088948228778916,0.0007675249016698427,0.016118022935066697,0.02854191706798061,8.687659864336292e-5,0.13782199565133832,0.7851101382492843,0.0033207209149934847,true,0.01455281356335318
45,1948,0.0007883722754857789,0.020091449976302186,0.0007374304308721008,0.015486039048314117,0.029515748007484136,8.687659864336292e-5,0.13782199565133832,0.7851101382492843,0.0033207209149934847,true,0.013560354954167471
45,1949,0.0009577634904794504,0.021881471466634807,0.0007864845695759361,0.016516175961094656,0.027968973175794127,8.687659864336292e-5,0.13782199565133832,0.7851101382492843,0.0033207209149934847,true,0.01048264318045924
45,1950,0.0008412796358698253,0.020650542206012885,0.0007427063269542658,0.015596832866039582,0.02831714634185773,8.687659864336292e-5,0.13782199565133832,0.7851101382492843,0.0033207209149934847,true,0.010739222588449202
45,1951,0.0023768075236449693,0.03687705028215635,0.0013648416305866939,0.02866167424232057,0.017809539951887048,8.687659864336292e-5,0.13782199565133832,0.7851101382492843,0.0033207209149934847,true,0.025452796234439107
45,1952,0.002165810400074322,0.03464736330810674,0.0013919490216327665,0.029230929454288096,0.0160335290822548,8.687659864336292e-5,0.13782199565133832,0.7851101382492843,0.0033207209149934847,true,0.015702678307507812
45,1953,0.001933392181633061,0.03219131146521618,0.0013856792773151792,0.029099264823618763,0.0147670652880018,8.687659864336292e-5,0.13782199565133832,0.7851101382492843,0.0033207209149934847,true,0.015415741099659286
45,1954,0.0017955692294342423,0.030734883832259016,0.0013714239966866883,0.028799903930420454,0.021558847260180175,8.687659864336292e-5,0.13782199565133832,0.7851101382492843,0.0033207209149934847,true,0.01564113119902235
45,1955,0.001647552966832725,0.029170739605621693,0.0013687063837148894,0.028742834058012676,0.020877750231895826,8.687659864336292e-5,0.13782199565133832,0.7851101382492843,0.0033207209149934847,true,0.018225903587972166
45,1956,0.0018219570509282958,0.03101373399316719,0.0015020360975283122,0.03154275804809456,0.021839862706938114,8.687659864336292e-5,0.13782199565133832,0.7851101382492843,0.0033207209149934847,true,0.026102042758000578
45,1957,0.0015186124763650148,0.02780817632912679,0.0014119177045066166,0.02965027179463895,0.021905078874083495,8.687659864336292e-5,0.13782199565133832,0.7851101382492843,0.0033207209149934847,true,0.025915950700286027
45,1958,0.001328290060083984,0.025796966862049027,0.0013417310374264357,0.02817635178595515,0.023137013823716492,8.687659864336292e-5,0.13782199565133832,0.7851101382492843,0.0033207209149934847,true,0.02849041046729084
45,1959,0.0013845288929913385,0.026391264030878894,0.0013556799996110543,0.02846927999183214,0.021624848273518283,8.687659864336292e-5,0.13782199565133832,0.7851101382492843,0.0033207209149934847,true,0.026528973764557255
45,1960,0.0012943281414896468,0.025438078332091545,0.0013392154050033969,0.028123523505071333,0.022827813532294575,8.687659864336292e-5,0.13782199565133832,0.7851101382492843,0.0033207209149934847,true,0.02599694571602517
45,1961,0.0012331736163372065,0.024791835170909635,0.0013284088464482226,0.027896585775412673,0.021822919014457404,8.687659864336292e-5,0.13782199565133832,0.7851101382492843,0.0033207209149934847,true,0.02257620630712957
45,1962,0.0012118151003037935,0.0245661315964778,0.0013310503182888045,0.027952056684064894,0.02297763999715639,8.687659864336292e-5,0.13782199565133832,0.7851101382492843,0.0033207209149934847,true,0.020834857702663613
45,1963,0.0010972461949774182,0.02335543833434046,0.0012692752786279962,0.026654780851187918,0.022816527650716102,8.687659864336292e-5,0.13782199565133832,0.7851101382492843,0.0033207209149934847,true,0.022479982904800307
45,1964,0.0009516314018476507,0.02181667135033624,0.001193266531022715,0.025058597151477017,0.022814892066926187,8.687659864336292e-5,0.13782199565133832,0.7851101382492843,0.0033207209149934847,true,0.020409873351130477
45,1965,0.000900161819372675,0.02127277266744353,0.0011423999959737138,0.02399039991544799,0.02252466185524483,8.687659864336292e-5,0.13782199565133832,0.7851101382492843,0.0033207209149934847,true,0.017927062365773017
45,1966,0.0008056329952151765,0.020273850576329668,0.0010834779007633897,0.022753035916031183,0.022416884804603635,8.687659864336292e-5,0.13782199565133832,0.7851101382492843,0.0033207209149934847,true,0.01237183756036589
46,1967,0.0007127404951977526,0.019183741906914832,0.001020473766440406,0.021429949095248525,0.02359910935934241,8.861178650495294e-5,0.1381977532794812,0.7818241370273062,0.0032806255273036713,true,0.011757297425181877
46,1968,0.0006531138069771954,0.018567692722724686,0.0009658991605097131,0.020283882370703978,0.024686584485339898,8.861178650495294e-5,0.1381977532794812,0.7818241370273062,0.0032806255273036713,true,0.011978097986546449
46,1969,0.0007401271206553795,0.019466694201841644,0.0009823320905517907,0.020628973901587605,0.023748259879146194,8.861178650495294e-5,0.1381977532794812,0.7818241370273062,0.0032806255273036713,true,0.014325130065183187
46,1970,0.0006724854315336339,0.018767835877754338,0.0009238856397734441,0.019401598435242327,0.02378692832458506,8.861178650495294e-5,0.1381977532794812,0.7818241370273062,0.0032806255273036713,true,0.012809969454938664
46,1971,0.0006900858396181157,0.01894967923289343,0.0008927537229037398,0.018747828180978535,0.024573350469797858,8.861178650495294e-5,0.1381977532794812,0.7818241370273062,0.0032806255273036713,true,0.01504234488626573
46,1972,0.0006908142787835969,0.018957205298268165,0.0008754297993809576,0.01838402578700011,0.025268597699341803,8.861178650495294e-5,0.1381977532794812,0.7818241370273062,0.0032806255273036713,true,0.013878745928964042
46,1973,0.0006300289862278425,0.01832918568142784,0.0008253412481214396,0.01733216621055023,0.026298640955180808,8.861178650495294e-5,0.1381977532794812,0.7818241370273062,0.0032806255273036713,true,0.013701619500008188
46,1974,0.0005897259201682272,0.017912783702593343,0.0007770801425593518,0.01631868299374639,0.031063401225161696,8.861178650495294e-5,0.1381977532794812,0.7818241370273062,0.0032806255273036713,true,0.011191871319643863
46,1975,0.0015676368931816943,0.02801633422861162,0.0012068477283469134,0.02534380229528518,0.027398008294383703,8.861178650495294e-5,0.1381977532794812,0.7818241370273062,0.0032806255273036713,true,0.01996727162259581
46,1976,0.001381828476405609,0.02609660454067122,0.00117313886977844,0.02463591626534724,0.026759004773906175,8.861178650495294e-5,0.1381977532794812,0.7818241370273062,0.0032806255273036713,true,0.017682959100949736
46,1977,0.0017384740345408644,0.02978138415347746,0.001375929382930587,0.02889451704154233,0.022576609380753905,8.861178650495294e-5,0.1381977532794812,0.7818241370273062,0.0032806255273036713,true,0.016668406317843068
46,1978,0.0014509753911868444,0.026811014508950477,0.0012972903628134778,0.027243097619083036,0.02252455011852848,8.861178650495294e-5,0.1381977532794812,0.7818241370273062,0.0032806255273036713,true,0.014949444590369053
46,1979,0.0014630340362426116,0.026935601647205838,0.0013078974332128655,0.027465846097470173,0.02108808924948909,8.861178650495294e-5,0.1381977532794812,0.7818241370273062,0.0032806255273036713,true,0.017828745531037755
46,1980,0.0012496519157306225,0.02473098681473467,0.0012331464786384055,0.025896076051406515,0.021200286733916076,8.861178650495294e-5,0.1381977532794812,0.7818241370273062,0.0032806255273036713,true,0.015164198701604795
46,1981,0.0013394464420667515,0.02565872314128519,0.0012962118108156846,0.027220448027129376,0.020915711306790073,8.861178650495294e-5,0.1381977532794812,0.7818241370273062,0.0032806255273036713,true,0.017058325005747107
46,1982,0.00114736219198663,0.023674152991758797,0.0012276917968415426,0.025781527733672392,0.02113335545963127,8.861178650495294e-5,0.1381977532794812,0.7818241370273062,0.0032806255273036713,true,0.016005576646096673
46,1983,0.001290798585754401,0.02515610471507029,0.0013056595506204646,0.027418850563029756,0.018954386120646455,8.861178650495294e-5,0.1381977532794812,0.7818241370273062,0.0032806255273036713,true,0.01691757984991255
46,1984,0.0011294156024686064,0.023488732969927664,0.0012357412162333399,0.02595056554090014,0.019414399942375156,8.861178650495294e-5,0.1381977532794812,0.7818241370273062,0.0032806255273036713,true,0.017309480674578978
46,1985,0.0009740425525337585,0.021883454469410542,0.0011616463773443432,0.024394573924231208,0.02011656447758033,8.861178650495294e-5,0.1381977532794812,0.7818241370273062,0.0032806255273036713,true,0.015475501008761907
46,1986,0.0008525254680439231,0.02062796799180807,0.0010952632388151634,0.02300052801511843,0.023341862416320545,8.861178650495294e-5,0.1381977532794812,0.7818241370273062,0.0032806255273036713,true,0.010761388031723211
46,1987,0.0007704672102595569,0.01978016100683628,0.0010327027259958807,0.021686757245913495,0.023494893596414403,8.861178650495294e-5,0.1381977532794812,0.7818241370273062,0.0032806255273036713,true,0.011785660297262336
47,1988,0.0008307286291433778,0.020489974229394668,0.001043678575443274,0.021917250084308754,0.022317815393553927,9.06854970762761e-5,0.1387974063954041,0.7797234332536882,0.0032409736430606497,true,0.011116929251153415
47,1989,0.0008750683389534518,0.020942828446989695,0.0010529601885322583,0.022112163959177426,0.021386011174008557,9.06854970762761e-5,0.1387974063954041,0.7797234332536882,0.0032409736430606497,true,0.012504697257238788
47,1990,0.0008006754549784391,0.02018303251211671,0.001007869980521361,0.02116526959094858,0.025781617640780193,9.06854970762761e-5,0.1387974063954041,0.7797234332536882,0.0032409736430606497,true,0.012400600787957876
47,1991,0.000729118311840485,0.019452198814560326,0.0009502113630711717,0.019954438624494607,0.026407306492442852,9.06854970762761e-5,0.1387974063954041,0.7797234332536882,0.0032409736430606497,true,0.012194982871631907
47,1992,0.0007949687576145061,0.020124748369508085,0.0009646852315163721,0.020258389861843813,0.02591508618052238,9.06854970762761e-5,0.1387974063954041,0.7797234332536882,0.0032409736430606497,true,0.01292086590661602
47,1993,0.0009247635440255581,0.02145037987904801,0.0009847602512494684,0.020679965276238835,0.026775628304924463,9.06854970762761e-5,0.1387974063954041,0.7797234332536882,0.0032409736430606497,true,0.014911540852082194
47,1994,0.0009912469329138713,0.02212939386418786,0.0009899144682281797,0.020788203832791775,0.025764556251527397,9.06854970762761e-5,0.1387974063954041,0.7797234332536882,0.0032409736430606497,true,0.011519114403411215
47,1995,0.0015915304184864405,0.02826026186848001,0.001217664585658541,0.025570956298829363,0.025942910013063255,9.06854970762761e-5,0.1387974063954041,0.7797234332536882,0.0032409736430606497,true,0.022843002801403146
47,1996,0.001867563282941484,0.031079464957511103,0.0014010735290134716,0.029422544109282904,0.021970956212368054,9.06854970762761e-5,0.1387974063954041,0.7797234332536882,0.0032409736430606497,true,0.018496185739468932
47,1997,0.0015469539669814277,0.027804989739818518,0.0013173709111763531,0.027664789134703417,0.022012852706515932,9.06854970762761e-5,0.1387974063954041,0.7797234332536882,0.0032409736430606497,true,0.016467945992024405
47,1998,0.001367095283523922,0.025968041240973926,0.0012605637782554888,0.026471839343365264,0.021813542730848172,9.06854970762761e-5,0.1387974063954041,0.7797234332536882,0.0032409736430606497,true,0.017096948432390752
47,1999,0.0011632056519207865,0.023885657752428895,0.00118572313868536,0.02490018591239256,0.02713516535969377,9.06854970762761e-5,0.1387974063954041,0.7797234332536882,0.0032409736430606497,true,0.016474252779822954
47,2000,0.0009988250979859894,0.02220679184512278,0.001116836590390071,0.02345356839819149,0.04163068081203134,9.06854970762761e-5,0.1387974063954041,0.7797234332536882,0.0032409736430606497,true,0.013384030364687187
47,2001,0.0009070115309252224,0.021269073460090285,0.0010602811354505982,0.022265903844462562,0.04622740475784166,9.06854970762761e-5,0.1387974063954041,0.7797234332536882,0.0032409736430606497,true,0.008991180423112
47,2002,0.0010366777893882268,0.022593392276705482,0.0011166438625915857,0.023449521114423298,0.04454900158249938,9.06854970762761e-5,0.1387974063954041,0.7797234332536882,0.0032409736430606497,true,0.011841038651336374
47,2003,0.0009694269742083397,0.021906540345978675,0.0010719565746813615,0.022511088068308593,0.048492181170685246,9.06854970762761e-5,0.1387974063954041,0.7797234332536882,0.0032409736430606497,true,0.012058655662141912
47,2004,0.0008795677924323679,0.0209887826603467,0.0010285302814508053,0.021599135910466912,0.04952276670614703,9.06854970762761e-5,0.1387974063954041,0.7797234332536882,0.0032409736430606497,true,0.010539741190966343
47,2005,0.0008392482640394044,0.02057698771260332,0.0010028405325175822,0.021059651182869225,0.05168721072532769,9.06854970762761e-5,0.1387974063954041,0.7797234332536882,0.0032409736430606497,true,0.01059299231145137
47,2006,0.0008202443434824224,0.020382895202482407,0.0009848496067638415,0.02068184174204067,0.05452021287944489,9.06854970762761e-5,0.1387974063954041,0.7797234332536882,0.0032409736430606497,true,0.011699297849134269
47,2007,0.0012385702557891763,0.024655378142241294,0.0011225921507939047,0.023574435166671997,0.051244056010397124,9.06854970762761e-5,0.1387974063954041,0.7797234332536882,0.0032409736430606497,true,0.017413891286519222
47,2008,0.0010735242164881123,0.02296971544135776,0.001067573774061529,0.022419049255292107,0.0526348198149741,9.06854970762761e-5,0.1387974063954041,0.7797234332536882,0.0032409736430606497,true,0.010889491192481606
48,2009,0.0009399402840815513,0.02151868011363709,0.0010058326684533546,0.021122486037520448,0.05659872897504435,9.195740473461712e-5,0.13589235644756137,0.7807160637356242,0.003339965157032364,true,0.010697553264193915
48,2010,0.000878345127972427,0.020898709237104122,0.0009614767827890121,0.02019101243856925,0.05660659414164976,9.195740473461712e-5,0.13589235644756137,0.7807160637356242,0.003339965157032364,true,0.011370448805300084
48,2011,0.0014797193292770908,0.026951693177052878,0.0011856119671290078,0.024897851309709163,0.053484281310941705,9.195740473461712e-5,0.13589235644756137,0.7807160637356242,0.003339965157032364,true,0.03359278184008765
48,2012,0.0013165709266744333,0.025309563104562654,0.0011548301615821191,0.0242514333932245,0.05300498155118969,9.195740473461712e-5,0.13589235644756137,0.7807160637356242,0.003339965157032364,true,0.02307439945636547
48,2013,0.0012403638562490447,0.024542519602538976,0.0011274936834014342,0.02367736735143012,0.054119357070832236,9.195740473461712e-5,0.13589235644756137,0.7807160637356242,0.003339965157032364,true,0.025172863343721107
48,2014,0.0013131604997037296,0.025275236291677675,0.0011894327234855519,0.02497808719319659,0.05241668444859446,9.195740473461712e-5,0.13589235644756137,0.7807160637356242,0.003339965157032364,true,0.018079800522567524
48,2015,0.001133784356462733,0.02346976989173539,0.0011216422689262742,0.023554487647451758,0.05245264812557793,9.195740473461712e-5,0.13589235644756137,0.7807160637356242,0.003339965157032364,true,0.015732064730510704
48,2016,0.0017171776145312291,0.02934177107519487,0.0013521899440069012,0.028395988824144926,0.04891333014673611,9.195740473461712e-5,0.13589235644756137,0.7807160637356242,0.003339965157032364,true,0.01914184968721125
48,2017,0.0014910013056459695,0.027065249132103085,0.001289210137819218,0.027073412894203577,0.0505905112522919,9.195740473461712e-5,0.13589235644756137,0.7807160637356242,0.003339965157032364,true,0.018037124694093895
48,2018,0.0012577505719606466,0.024717521308203205,0.0012147331131026277,0.025509395375155182,0.05106016705215438,9.195740473461712e-5,0.13589235644756137,0.7807160637356242,0.003339965157032364,true,0.01690928907734077
48,2019,0.0011105743707705827,0.023236155496012663,0.0011521256495261214,0.02419463864004855,0.05109755691337738,9.195740473461712e-5,0.13589235644756137,0.7807160637356242,0.003339965157032364,true,0.01793399636919089
48,2020,0.0017517830645843802,0.02969008371140705,0.0014030886554104907,0.029464861763620304,0.046211706097425205,9.195740473461712e-5,0.13589235644756137,0.7807160637356242,0.003339965157032364,true,0.030220070734879763
48,2021,0.00332662716714211,0.045541289233733184,0.002190891103251949,0.04600871316829093,0.03603166083907194,9.195740473461712e-5,0.13589235644756137,0.7807160637356242,0.003339965157032364,true,0.02023870527361323
48,2022,0.0034016633020819563,0.04629654697296004,0.002345695814289383,0.049259612100077045,0.03148641087577183,9.195740473461712e-5,0.13589235644756137,0.7807160637356242,0.003339965157032364,true,0.02241831381149613
48,2023,0.0028091330608568527,0.04033257973544213,0.0022242294701795067,0.04670881887376964,0.041184505280951016,9.195740473461712e-5,0.13589235644756137,0.7807160637356242,0.003339965157032364,true,0.020829364463564964
48,2024,0.0029326181787382513,0.041575488782317115,0.0023496778211051597,0.049343234243208356,0.03714879330853512,9.195740473461712e-5,0.13589235644756137,0.7807160637356242,0.003339965157032364,true,0.029705743122106703
48,2025,0.002536673388818739,0.0375902039974199,0.002291423385216883,0.04811989108955454,0.03585784329649327,9.195740473461712e-5,0.13589235644756137,0.7807160637356242,0.003339965157032364,true,0.0194319452183381
48,2026,0.002497342704044972,0.03719433067467623,0.0023198266912085345,0.048716360515379226,0.03483295264513183,9.195740473461712e-5,0.13589235644756137,0.7807160637356242,0.003339965157032364,true,0.0375643201565291
48,2027,0.002469724709570316,0.03691634855198787,0.002392796725180369,0.050248731228787744,0.03250703215218287,9.195740473461712e-5,0.13589235644756137,0.7807160637356242,0.003339965157032364,true,0.02862973429362732
48,2028,0.0020241297653268353,0.032431322364671056,0.0022494930299625745,0.04723935362921407,0.03273347107991816,9.195740473461712e-5,0.13589235644756137,0.7807160637356242,0.003339965157032364,true,0.027097642332124867
48,2029,0.0018544112117237863,0.0307230620551302,0.002210306428754697,0.046416435003848636,0.03727545468027041,9.195740473461712e-5,0.13589235644756137,0.7807160637356242,0.003339965157032364,true,0.027178889411502698
49,2030,0.0020264532557714844,0.03244991583826866,0.0023178359134691474,0.048674554182852096,0.03363000468806404,9.261382509267626e-5,0.1358825135335374,0.780303811244346,0.003334885762022108,true,0.025908524793733057
49,2031,0.001697651018561576,0.02915103844285355,0.0021952317431001823,0.046099866605103824,0.0333556843780871,9.261382509267626e-5,0.1358825135335374,0.780303811244346,0.003334885762022108,true,0.025124919638291204
49,2032,0.0015968246075073454,0.02813944566565693,0.002158002859979024,0.04531806005955951,0.03216790787919404,9.261382509267626e-5,0.1358825135335374,0.780303811244346,0.003334885762022108,true,0.024416159069106092
49,2033,0.0013537970294374216,0.025701146612218517,0.0020401196152760133,0.04284251192079628,0.03207953245602499,9.261382509267626e-5,0.1358825135335374,0.780303811244346,0.003334885762022108,true,0.02509859432059215
49,2034,0.001358337993836388,0.02574670617086462,0.002026528301052248,0.04255709432209721,0.03064200711173632,9.261382509267626e-5,0.1358825135335374,0.780303811244346,0.003334885762022108,true,0.026961197122480775
49,2035,0.0012355359935251914,0.02451463200258655,0.0019323649067430498,0.04057966304160405,0.03170006445596632,9.261382509267626e-5,0.1358825135335374,0.780303811244346,0.003334885762022108,true,0.02606588606911544
49,2036,0.0010623434423613059,0.022776988740372154,0.0018221563418073302,0.03826528317795393,0.03186025796825642,9.261382509267626e-5,0.1358825135335374,0.780303811244346,0.003334885762022108,true,0.02388872296284234
49,2037,0.001150888816008209,0.02366536569933389,0.0017983140937845846,0.037764595969476275,0.03044048505320693,9.261382509267626e-5,0.1358825135335374,0.780303811244346,0.003334885762022108,true,0.02822352200716343
49,2038,0.0012208505503280924,0.02436729274779421,0.0018091977049435881,0.03799315180381535,0.02997293965142488,9.261382509267626e-5,0.1358825135335374,0.780303811244346,0.003334885762022108,true,0.026818705148744366
49,2039,0.0011377085823517316,0.02353312823268951,0.0017317007741912847,0.03636571625801698,0.029922199647404484,9.261382509267626e-5,0.1358825135335374,0.780303811244346,0.003334885762022108,true,0.027492742778956386
49,2040,0.000997145531802057,0.022122857201617163,0.0016403186426228386,0.03444669149507961,0.029731869579658423,9.261382509267626e-5,0.1358825135335374,0.780303811244346,0.003334885762022108,true,0.025934209434835074
49,2041,0.0009524156889469508,0.02167408206934524,0.001568839019964274,0.032945619419249755,0.029745696203865774,9.261382509267626e-5,0.1358825135335374,0.780303811244346,0.003334885762022108,true,0.02644835787257954
49,2042,0.0014886027793342106,0.027053654566179294,0.0017358937304313088,0.03645376833905749,0.025392720541849097,9.261382509267626e-5,0.1358825135335374,0.780303811244346,0.003334885762022108,true,0.029306698402954693
49,2043,0.001272742510562069,0.024887925502827323,0.001645283286039974,0.03455094900683946,0.026554295119600273,9.261382509267626e-5,0.1358825135335374,0.780303811244346,0.003334885762022108,true,0.025311769927511482
49,2044,0.0025394236673505818,0.03759655507538172,0.0021477273579358137,0.04510227451665209,0.016781065036512353,9.261382509267626e-5,0.1358825135335374,0.780303811244346,0.003334885762022108,true,0.036398528235494915
49,2045,0.0021287492149372196,0.03347625261200148,0.002035623117251134,0.042748085462273815,0.017597477842949814,9.261382509267626e-5,0.1358825135335374,0.780303811244346,0.003334885762022108,true,0.033950584234153584
49,2046,0.0017586362150870949,0.02976290376341871,0.0019187549628715877,0.04029385422030334,0.017788862390070822,9.261382509267626e-5,0.1358825135335374,0.780303811244346,0.003334885762022108,true,0.03440172891965353
49,2047,0.0017406245760183156,0.02958219273942273,0.0019080249351222706,0.04006852363756768,0.016540310889638633,9.261382509267626e-5,0.1358825135335374,0.780303811244346,0.003334885762022108,true,0.03629582074804727
49,2048,0.0015852420111377747,0.02802323731601787,0.0018661478448823428,0.0391891047425292,0.016904845912741443,9.261382509267626e-5,0.1358825135335374,0.780303811244346,0.003334885762022108,true,0.03296378032370889
49,2049,0.0013486927405757122,0.025649935211443244,0.0017680294181465482,0.03712861778107751,0.016677272884136316,9.261382509267626e-5,0.1358825135335374,0.780303811244346,0.003334885762022108,true,0.021971604370589457
49,2050,0.0019096048437115412,0.03127757410329253,0.0020302496496687667,0.0426352426430441,0.01079980394215988,9.261382509267626e-5,0.1358825135335374,0.780303811244346,0.003334885762022108,true,0.027062777640932206
50,2051,0.0016378414125264714,0.028997977009134437,0.001929855541595991,0.04052696637351581,0.0104427949238475,9.179698716132485e-5,0.13844268787249736,0.7806977769337723,0.0033040010086494826,true,0.026801536154410832
50,2052,0.0013722902501331576,0.026272904402453612,0.0018140709749407988,0.03809549047375677,0.011017177616786554,9.179698716132485e-5,0.13844268787249736,0.7806977769337723,0.0033040010086494826,true,0.025809830656508527
50,2053,0.00123622214277809,0.02487658036209032,0.0017284451479756193,0.036297348107488005,0.012933607704137337,9.179698716132485e-5,0.13844268787249736,0.7806977769337723,0.0033040010086494826,true,0.02770878061987881
50,2054,0.00108231777644868,0.023297221533633516,0.0016310328406026699,0.03425168965265607,0.013778997767318805,9.179698716132485e-5,0.13844268787249736,0.7806977769337723,0.0033040010086494826,true,0.02697392123561736
50,2055,0.0010080767477781097,0.022535363849793565,0.0015557352122019853,0.03267043945624169,0.013481706005797843,9.179698716132485e-5,0.13844268787249736,0.7806977769337723,0.0033040010086494826,true,0.020811449490271743
50,2056,0.0010544691208934924,0.023011440037885703,0.0015533028438776029,0.03261935972142966,0.012027099245035614,9.179698716132485e-5,0.13844268787249736,0.7806977769337723,0.0033040010086494826,true,0.02130287090307078
50,2057,0.0009665666596566276,0.02210938942354264,0.001475449613451216,0.030984441882475535,0.013415145228345568,9.179698716132485e-5,0.13844268787249736,0.7806977769337723,0.0033040010086494826,true,0.0211286461734447
50,2058,0.0008465504876427067,0.020877789532334386,0.001387223394226868,0.029131691278764228,0.013410830555280194,9.179698716132485e-5,0.13844268787249736,0.7806977769337723,0.0033040010086494826,true,0.020319763038615334
50,2059,0.000927981623745972,0.021713431735237782,0.0013947197232524115,0.02928911418830064,0.012709060749954551,9.179698716132485e-5,0.13844268787249736,0.7806977769337723,0.0033040010086494826,true,0.02370857305806183
50,2060,0.0008626460707210432,0.021042961592362373,0.0013390470711603553,0.028119988494367462,0.012279089462546288,9.179698716132485e-5,0.13844268787249736,0.7806977769337723,0.0033040010086494826,true,0.02344827057800968
50,2061,0.0007653952639291494,0.020044978728428683,0.001259804357709001,0.026455891511889023,0.012325003724904688,9.179698716132485e-5,0.13844268787249736,0.7806977769337723,0.0033040010086494826,true,0.022412835914777062
50,2062,0.0007746053866418322,0.020139492542197376,0.0012119851895977083,0.025451688981551875,0.011914493942585109,9.179698716132485e-5,0.13844268787249736,0.7806977769337723,0.0033040010086494826,true,0.023003650552883653
50,2063,0.0006977546311367251,0.01935085397348529,0.0011392725901657361,0.023924724393480458,0.011941233479117283,9.179698716132485e-5,0.13844268787249736,0.7806977769337723,0.0033040010086494826,true,0.023212316622664986
50,2064,0.0008641786249869799,0.021058688586779256,0.0011541538888554062,0.02423723166596353,0.010739291314091048,9.179698716132485e-5,0.13844268787249736,0.7806977769337723,0.0033040010086494826,true,0.025059483669380413
50,2065,0.0007876922082855108,0.020273788844455264,0.0010996719195970443,0.02309311031153793,0.012833215848679125,9.179698716132485e-5,0.13844268787249736,0.7806977769337723,0.0033040010086494826,true,0.01667625295416079
50,2066,0.0008296718984481512,0.020704582303117378,0.0010994357735989385,0.02308815124557771,0.012125190363515762,9.179698716132485e-5,0.13844268787249736,0.7806977769337723,0.0033040010086494826,true,0.01831884439203812
50,2067,0.0007643989144636467,0.020034754240572362,0.0010502219326657843,0.02205466058598147,0.011868921443070998,9.179698716132485e-5,0.13844268787249736,0.7806977769337723,0.0033040010086494826,true,0.016487313855243397
50,2068,0.000737820458180884,0.019762007465558267,0.0010166907967028838,0.021350506730760558,0.012160258556724425,9.179698716132485e-5,0.13844268787249736,0.7806977769337723,0.0033040010086494826,true,0.015193881444440142
50,2069,0.0008510144447856507,0.0209235984349127,0.001050165856154288,0.022053482979240046,0.012180249387227723,9.179698716132485e-5,0.13844268787249736,0.7806977769337723,0.0033040010086494826,true,0.01383016311086832
50,2070,0.0007597994793158254,0.019987555069555484,0.000987351967025869,0.020734391307543246,0.012670213645126736,9.179698716132485e-5,0.13844268787249736,0.7806977769337723,0.0033040010086494826,true,0.011453597256387112
50,2071,0.0007078247986866316,0.01945419352390417,0.0009437647090967419,0.01981905889103158,0.012480405638159886,9.179698716132485e-5,0.13844268787249736,0.7806977769337723,0.0033040010086494826,true,0.013635250728787247
51,2072,0.0006492998702150814,0.018877949609663908,0.0008871391563595449,0.018629922283550444,0.012742321164156661,8.973188542609243e-5,0.13684482296728456,0.7849493947747695,0.003295921666070089,true,0.015028515014930792
51,2073,0.0006578815756430689,0.018967837102144038,0.0008683805343948827,0.01823599122229254,0.012594023909557094,8.973188542609243e-5,0.13684482296728456,0.7849493947747695,0.003295921666070089,true,0.014947904924314932
51,2074,0.0009661243555152368,0.02219646931171072,0.0009544819391035053,0.020044120721173612,0.010478735249323499,8.973188542609243e-5,0.13684482296728456,0.7849493947747695,0.003295921666070089,true,0.014111515369902985
51,2075,0.0009518126763390909,0.02204656426485041,0.0009542308280537709,0.02003884738912919,0.00953962286328619,8.973188542609243e-5,0.13684482296728456,0.7849493947747695,0.003295921666070089,true,0.015691241390399215
51,2076,0.0008411174061094614,0.02088710705044855,0.0009017038147147627,0.018935780109010016,0.010557272598482714,8.973188542609243e-5,0.13684482296728456,0.7849493947747695,0.003295921666070089,true,0.015667944270175836
51,2077,0.000752722796347578,0.019961233995619332,0.0008512369245938799,0.017875975416471478,0.01066498075135964,8.973188542609243e-5,0.13684482296728456,0.7849493947747695,0.003295921666070089,true,0.015667944270175836
51,2078,0.0008704397090102184,0.02119423811007407,0.0008987904083231138,0.01887459857478539,0.01130481565268905,8.973188542609243e-5,0.13684482296728456,0.7849493947747695,0.003295921666070089,true,0.015218280463410514
51,2079,0.0007753186915387932,0.020197910536911248,0.0008449048610225295,0.01774300208147312,0.011362604485595798,8.973188542609243e-5,0.13684482296728456,0.7849493947747695,0.003295921666070089,true,0.01395092914606012
51,2080,0.0008363816725676263,0.020837503481938576,0.0008428341137207947,0.017699516388136688,0.010580644904337423,8.973188542609243e-5,0.13684482296728456,0.7849493947747695,0.003295921666070089,true,0.014728858750838446
51,2081,0.0007473038903386035,0.01990447466296458,0.0007944763209561396,0.016684002740078932,0.01161373716384573,8.973188542609243e-5,0.13684482296728456,0.7849493947747695,0.003295921666070089,true,0.014819950118651328
51,2082,0.0006793758577588015,0.019192975000229262,0.0007506627082585423,0.01576391687342939,0.013370463796581454,8.973188542609243e-5,0.13684482296728456,0.7849493947747695,0.003295921666070089,true,0.014677447069455028
51,2083,0.000638176359866774,0.01876143844982786,0.0007087614521751022,0.014883990495677147,0.01336164720678249,8.973188542609243e-5,0.13684482296728456,0.7849493947747695,0.003295921666070089,true,0.01307177669428436
51,2084,0.0005911545780288183,0.018268917458886234,0.0006678466491804168,0.014024779632788753,0.01346951454250091,8.973188542609243e-5,0.13684482296728456,0.7849493947747695,0.003295921666070089,true,0.01162904002493586
51,2085,0.0005928903505432188,0.018287098488303365,0.0006388969744276318,0.013416836462980268,0.013736725834428318,8.973188542609243e-5,0.13684482296728456,0.7849493947747695,0.003295921666070089,true,0.010265410894187605
51,2086,0.0009204667412273035,0.021718237042448397,0.0007409658921102214,0.01556028373431465,0.011404214753915816,8.973188542609243e-5,0.13684482296728456,0.7849493947747695,0.003295921666070089,true,0.012278222762023895
51,2087,0.0008490325656212099,0.020970012930528165,0.0007197705786515231,0.015115182151681984,0.011153142772603255,8.973188542609243e-5,0.13684482296728456,0.7849493947747695,0.003295921666070089,true,0.010323033593633584
51,2088,0.0007564846201762227,0.020000636526263892,0.0006779605141885279,0.014237170797959086,0.012299914024528067,8.973188542609243e-5,0.13684482296728456,0.7849493947747695,0.003295921666070089,true,0.010164182000370343
51,2089,0.000766893130219674,0.020109658547132706,0.0006842452901534684,0.014369151093222836,0.01151751123829116,8.973188542609243e-5,0.13684482296728456,0.7849493947747695,0.003295921666070089,true,0.01335890887858937
51,2090,0.0008753819628306582,0.021246004837194632,0.0007388665298280354,0.015516197126388744,0.010255119353884684,8.973188542609243e-5,0.13684482296728456,0.7849493947747695,0.003295921666070089,true,0.013165338550860536
51,2091,0.0008258115411578675,0.02072678858784421,0.0007241284557531325,0.015206697570815782,0.010428291371066843,8.973188542609243e-5,0.13684482296728456,0.7849493947747695,0.003295921666070089,true,0.01026054648730264
51,2092,0.0007567726533057185,0.020003653476213856,0.0006849461280823586,0.014383868689729531,0.011103193878302043,8.973188542609243e-5,0.13684482296728456,0.7849493947747695,0.003295921666070089,true,0.013572484277690715
52,2093,0.0007331574273184282,0.019625491466197933,0.0006595646217658313,0.013850857057082456,0.0117966039868018,9.0986738992198e-5,0.13627539662259947,0.7830247004044257,0.0033441144858304952,true,0.012062376495844579
52,2094,0.0007058551173777071,0.0193449727345381,0.0006455626366008179,0.013556815368617175,0.01157324238976855,9.0986738992198e-5,0.13627539662259947,0.7830247004044257,0.0033441144858304952,true,0.012262068536081442
52,2095,0.0006833490789194574,0.019113733495927772,0.0006181157955630686,0.01298043170682444,0.011902955500763883,9.0986738992198e-5,0.13627539662259947,0.7830247004044257,0.0033441144858304952,true,0.011488976773751361
52,2096,0.0006260659467896382,0.018525175545869754,0.0005816999099635216,0.012215698109233954,0.012177442340266936,9.0986738992198e-5,0.13627539662259947,0.7830247004044257,0.0033441144858304952,true,0.014608691900394379
52,2097,0.0007623322918905367,0.01992524983916654,0.00061258373582172,0.01286425845225612,0.011231613193802073,9.0986738992198e-5,0.13627539662259947,0.7830247004044257,0.0033441144858304952,true,0.013200244938087642
52,2098,0.0007241945622497161,0.019533402132124286,0.0005859265396070354,0.012304457331747745,0.011193628329466533,9.0986738992198e-5,0.13627539662259947,0.7830247004044257,0.0033441144858304952,true,0.014170995957051633
52,2099,0.0009272201756368907,0.021619397334928923,0.0006877887405152446,0.014443563550820136,0.00909596664193561,9.0986738992198e-5,0.13627539662259947,0.7830247004044257,0.0033441144858304952,true,0.01265396300300652
52,2100,0.0008334877270730362,0.02065633935032645,0.0006500306232575373,0.013650643088408283,0.009955480780388768,9.0986738992198e-5,0.13627539662259947,0.7830247004044257,0.0033441144858304952,true,0.011190137026493453
52,2101,0.0007441668668744115,0.019738608415907882,0.0006127347553461995,0.01286742986227019,0.011239836464529402,9.0986738992198e-5,0.13627539662259947,0.7830247004044257,0.0033441144858304952,true,0.011416083698987719
52,2102,0.0008508349151509756,0.020834573763753507,0.0006401684596545186,0.013443537652744891,0.010185319322359132,9.0986738992198e-5,0.13627539662259947,0.7830247004044257,0.0033441144858304952,true,0.011776284514339834
52,2103,0.0010457835416798655,0.02283758162541234,0.0007110169165991621,0.014931355248582405,0.008368629725517544,9.0986738992198e-5,0.13627539662259947,0.7830247004044257,0.0033441144858304952,true,0.012488072373352263
52,2104,0.0009113011306917029,0.021455836438178586,0.000670965412627347,0.014090273665174288,0.008769857201333007,9.0986738992198e-5,0.13627539662259947,0.7830247004044257,0.0033441144858304952,true,0.011153576784072198
52,2105,0.0008350192304008147,0.020672074845673696,0.0006387904121486321,0.013414598655121275,0.008647373263292811,9.0986738992198e-5,0.13627539662259947,0.7830247004044257,0.0033441144858304952,true,0.01134180875761171
52,2106,0.0007886350802551091,0.02019549894435826,0.0006276167891333987,0.013179952571801374,0.008749395282777827,9.0986738992198e-5,0.13627539662259947,0.7830247004044257,0.0033441144858304952,true,0.011032305019785204
52,2107,0.0007085564158418328,0.019372727339208418,0.000590411853102892,0.012398648915160734,0.00961187090618906,9.0986738992198e-5,0.13627539662259947,0.7830247004044257,0.0033441144858304952,true,0.011332575319629338
52,2108,0.0006552943199640694,0.01882548369522318,0.0005631854631058799,0.01182689472522348,0.011373956808180428,9.0986738992198e-5,0.13627539662259947,0.7830247004044257,0.0033441144858304952,true,0.01047679155467409
52,2109,0.000733852519643804,0.019632633221526485,0.0005995767806911122,0.012591112394513358,0.011343725343330278,9.0986738992198e-5,0.13627539662259947,0.7830247004044257,0.0033441144858304952,true,0.011996360463451344
52,2110,0.0006676793258404888,0.01895273395894065,0.0005636204134916832,0.011836028683325348,0.015463275261531052,9.0986738992198e-5,0.13627539662259947,0.7830247004044257,0.0033441144858304952,true,0.012242776900826513
52,2111,0.0006772042527957893,0.019050598221505052,0.0005497356327015686,0.011544448286732942,0.015131113693958136,9.0986738992198e-5,0.13627539662259947,0.7830247004044257,0.0033441144858304952,true,0.011133889360226166
52,2112,0.0007371215143120864,0.01966622064472036,0.0005567357334851833,0.01169145040318885,0.0153909930858223,9.0986738992198e-5,0.13627539662259947,0.7830247004044257,0.0033441144858304952,true,0.012309732205689672
52,2113,0.0007962495115578004,0.020273733738995766,0.0005680911195845985,0.011929913511276568,0.01504164809318351,9.0986738992198e-5,0.13627539662259947,0.7830247004044257,0.0033441144858304952,true,0.014392125169183171
53,2114,0.0008148526840536897,0.020336083337501303,0.0005913255202879223,0.012417835926046368,0.014209413362370946,8.988070108798533e-5,0.13327253571631972,0.7861738026996562,0.003326227861993396,true,0.014220043729675938
53,2115,0.0007716304558977709,0.01989149523924005,0.0005680161853895883,0.011928339893181355,0.015124545026094591,8.988070108798533e-5,0.13327253571631972,0.7861738026996562,0.003326227861993396,true,0.014358742595318238
53,2116,0.0007871782488427014,0.02005142136967023,0.0005650049180842328,0.011865103279768889,0.014998453227145887,8.988070108798533e-5,0.13327253571631972,0.7861738026996562,0.003326227861993396,true,0.013278830219416804
53,2117,0.0007632712147019555,0.01980551126051623,0.0005482448955035993,0.011513142805575584,0.015644516964698305,8.988070108798533e-5,0.13327253571631972,0.7861738026996562,0.003326227861993396,true,0.015450667493325793
53,2118,0.0007223702366766055,0.01938479976985178,0.000524386273441501,0.011012111742271522,0.015995829388603257,8.988070108798533e-5,0.13327253571631972,0.7861738026996562,0.003326227861993396,true,0.015693149458974296
53,2119,0.0006867516137572578,0.019018423104371407,0.0005007418331094974,0.010515578495299445,0.017745191485016302,8.988070108798533e-5,0.13327253571631972,0.7861738026996562,0.003326227861993396,true,0.01412032624280853
53,2120,0.0006439553450307351,0.018578216466778232,0.00048185541515570316,0.010118963718269766,0.017560262381744723,8.988070108798533e-5,0.13327253571631972,0.7861738026996562,0.003326227861993396,true,0.0148892948729344
53,2121,0.0006930979711027239,0.01908370236144554,0.000508024145726758,0.010668507060261918,0.017649965757369438,8.988070108798533e-5,0.13327253571631972,0.7861738026996562,0.003326227861993396,true,0.013260145454979706
53,2122,0.0007790860303247722,0.019968184012525605,0.000556310007515705,0.011682510157829805,0.05091313110992137,8.988070108798533e-5,0.13327253571631972,0.7861738026996562,0.003326227861993396,true,0.014225265785130272
53,2123,0.0007024263343542943,0.019179654825139572,0.0005238581681636376,0.01100102153143639,0.0582074756084481,8.988070108798533e-5,0.13327253571631972,0.7861738026996562,0.003326227861993396,true,0.014895856504954383
53,2124,0.000645991231518055,0.018599157795818656,0.0004926838667872385,0.010346361202532009,0.05995676085403845,8.988070108798533e-5,0.13327253571631972,0.7861738026996562,0.003326227861993396,true,0.014852683850321662
53,2125,0.0006771821859017906,0.018919991026405347,0.0004898059943530666,0.0102859258814144,0.05957057271063374,8.988070108798533e-5,0.13327253571631972,0.7861738026996562,0.003326227861993396,true,0.017591130536623763
53,2126,0.0006222674979525301,0.018355133134445225,0.0004611515226883969,0.009684181976456334,0.06095971438284169,8.988070108798533e-5,0.13327253571631972,0.7861738026996562,0.003326227861993396,true,0.013252964551489907
53,2127,0.0006753554697424826,0.0189012012439721,0.00046675755420987845,0.009801908638407447,0.061235211410970936,8.988070108798533e-5,0.13327253571631972,0.7861738026996562,0.003326227861993396,true,0.015781984614410695
53,2128,0.0007120996467277618,0.019279155469495362,0.000490952709679457,0.010310006903268597,0.060651292882720836,8.988070108798533e-5,0.13327253571631972,0.7861738026996562,0.003326227861993396,true,0.01713265267570169
53,2129,0.0008656045547516804,0.02085812208097896,0.0005754190224073331,0.012083799470553996,0.06133065171560917,8.988070108798533e-5,0.13327253571631972,0.7861738026996562,0.003326227861993396,true,0.014328388705566603
53,2130,0.0008938038448373965,0.021148182757774706,0.0006092624385434693,0.012794511209412855,0.06111386614489538,8.988070108798533e-5,0.13327253571631972,0.7861738026996562,0.003326227861993396,true,0.01430824074310156
53,2131,0.0014000104668871701,0.026355073957657044,0.0008198979269649455,0.017217856466263858,0.0570745493876249,8.988070108798533e-5,0.13327253571631972,0.7861738026996562,0.003326227861993396,true,0.014324802192728468
53,2132,0.0011922026677886237,0.024217542457156946,0.0007707068013120603,0.016184842827553267,0.05787668709367293,8.988070108798533e-5,0.13327253571631972,0.7861738026996562,0.003326227861993396,true,0.016119945147965494
53,2133,0.001179065109759176,0.024082408240590436,0.0007800413954908951,0.0163808693053088,0.056983829231401655,8.988070108798533e-5,0.13327253571631972,0.7861738026996562,0.003326227861993396,true,0.014310744893421087
53,2134,0.0010888247985516466,0.02315418750653823,0.0007570377423116403,0.015897792588544447,0.05674540851258512,8.988070108798533e-5,0.13327253571631972,0.7861738026996562,0.003326227861993396,true,0.014115310976984324
54,2135,0.0009698865953361877,0.021835406895947995,0.0007190012618025876,0.015099026497854339,0.05759295378928793,8.9073194764095e-5,0.13167076147745504,0.7878637874559209,0.003244017533853757,true,0.012657324320392254
54,2136,0.0009732372265383733,0.02186989520631985,0.0007429392822367925,0.015601724926972642,0.05714961781822964,8.9073194764095e-5,0.13167076147745504,0.7878637874559209,0.003244017533853757,true,0.01118829630167217
54,2137,0.000925725762238703,0.0213808559691995,0.0007218671211836825,0.015159209544857333,0.05677350898540236,8.9073194764095e-5,0.13167076147745504,0.7878637874559209,0.003244017533853757,true,0.01475512809843477
54,2138,0.0009164104410823821,0.021284972636219382,0.0007344591906702269,0.015423643004074766,0.05584326303317218,8.9073194764095e-5,0.13167076147745504,0.7878637874559209,0.003244017533853757,true,0.01399244807236467
54,2139,0.0008594138987422959,0.02069830274516559,0.0007205064563324283,0.015130635582980995,0.05538104724614196,8.9073194764095e-5,0.13167076147745504,0.7878637874559209,0.003244017533853757,true,0.01130524352419375
54,2140,0.0009780204099227073,0.02191912888892175,0.0007900565308117518,0.016591187147046788,0.055214030665118215,8.9073194764095e-5,0.13167076147745504,0.7878637874559209,0.003244017533853757,true,0.012544148985452893
54,2141,0.0008602717103427484,0.020707132267405365,0.0007427154847995273,0.015597025180790073,0.056196290140398536,8.9073194764095e-5,0.13167076147745504,0.7878637874559209,0.003244017533853757,true,0.012196308768488328
54,2142,0.0009280396863036164,0.021404673371507338,0.0007586148137294356,0.015930911088318147,0.05599608582809332,8.9073194764095e-5,0.13167076147745504,0.7878637874559209,0.003244017533853757,true,0.014719436541353026
54,2143,0.005533120766065872,0.06880513495104937,0.0027876551565913397,0.058540758288418135,0.02272067270818342,8.9073194764095e-5,0.13167076147745504,0.7878637874559209,0.003244017533853757,true,0.07289311691344838
54,2144,0.005339250987790874,0.06680961808231427,0.003058983278206338,0.0642386488423331,0.023259329437145104,8.9073194764095e-5,0.13167076147745504,0.7878637874559209,0.003244017533853757,true,0.022684207059437224
54,2145,0.004563729217799137,0.058827111536633746,0.002980658584962798,0.06259383028421876,0.023021500607695783,8.9073194764095e-5,0.13167076147745504,0.7878637874559209,0.003244017533853757,true,0.034391174550433834
54,2146,0.003687226922257539,0.04980520450294807,0.00280533094083381,0.05891194975751001,0.03123467427957077,8.9073194764095e-5,0.13167076147745504,0.7878637874559209,0.003244017533853757,true,0.028958843289284497
54,2147,0.003211991359703912,0.04491356749723911,0.0027210934727127725,0.05714296292696822,0.030114847987344102,8.9073194764095e-5,0.13167076147745504,0.7878637874559209,0.003244017533853757,true,0.03677032636366051
54,2148,0.002754981032679205,0.040209524273594734,0.0026076328089205464,0.05476028898733147,0.029410896886716168,8.9073194764095e-5,0.13167076147745504,0.7878637874559209,0.003244017533853757,true,0.025018632496824417
54,2149,0.0022842289676479983,0.03536403626035138,0.002468340337412479,0.05183514708566206,0.03261595828819312,8.9073194764095e-5,0.13167076147745504,0.7878637874559209,0.003244017533853757,true,0.018178530938899998
54,2150,0.0021862021931835954,0.034355038964476135,0.002474924922449674,0.05197342337144315,0.03039856735406419,8.9073194764095e-5,0.13167076147745504,0.7878637874559209,0.003244017533853757,true,0.020665199633335282
54,2151,0.001908430145718097,0.03149590944303917,0.002381790850340442,0.05001760785714929,0.03217974958354391,8.9073194764095e-5,0.13167076147745504,0.7878637874559209,0.003244017533853757,true,0.02082085925838146
54,2152,0.0015969796805144613,0.028290125320215954,0.002243715628617871,0.04711802820097529,0.03237151875997806,8.9073194764095e-5,0.13167076147745504,0.7878637874559209,0.003244017533853757,true,0.0202822809987219
54,2153,0.0014300896608871003,0.02657231322823773,0.0021572237032286916,0.045301697767802525,0.03543850343049341,8.9073194764095e-5,0.13167076147745504,0.7878637874559209,0.003244017533853757,true,0.01880316471741815
54,2154,0.0012265148992355018,0.024476902202656137,0.0020297958115562524,0.0426257120426813,0.035406991526340845,8.9073194764095e-5,0.13167076147745504,0.7878637874559209,0.003244017533853757,true,0.018920946952354408
54,2155,0.0010883652062064042,0.023054916551756514,0.0019175016502840834,0.04026753465596575,0.03788553622142538,8.9073194764095e-5,0.13167076147745504,0.7878637874559209,0.003244017533853757,true,0.01930991851991965
55,2156,0.0010483863671772401,0.022620325269220757,0.001860690051898853,0.039074491089875915,0.03722978209160155,8.904471699705847e-5,0.13162887350019845,0.7877703007888427,0.003196973963253161,true,0.017306220729183017
55,2157,0.000983218597330459,0.021950246189198785,0.001789526586663784,0.03758005831993946,0.03777337530414215,8.904471699705847e-5,0.13162887350019845,0.7877703007888427,0.003196973963253161,true,0.017243115582027093
55,2158,0.0008636704021595775,0.02072100748996549,0.0016830926573754177,0.03534494580488377,0.038079742392001154,8.904471699705847e-5,0.13162887350019845,0.7877703007888427,0.003196973963253161,true,0.017352925349321063
55,2159,0.0007719869268504948,0.019778284132502582,0.0015821964375566473,0.033226125188689594,0.03815148556503189,8.904471699705847e-5,0.13162887350019845,0.7877703007888427,0.003196973963253161,true,0.023087133128470775
55,2160,0.0006984610225475744,0.01902226362683051,0.0014896465211838498,0.03128257694486085,0.038161167790164756,8.904471699705847e-5,0.13162887350019845,0.7877703007888427,0.003196973963253161,true,0.0199377588876882
55,2161,0.0009008822801105601,0.021103633763688068,0.0015030271969106632,0.031563571135123925,0.03741163712425646,8.904471699705847e-5,0.13162887350019845,0.7877703007888427,0.003196973963253161,true,0.023012235393261245
55,2162,0.0009559002693540168,0.021669349050609698,0.001471843479449324,0.030908713068435803,0.03646371705181027,8.904471699705847e-5,0.13162887350019845,0.7877703007888427,0.003196973963253161,true,0.025107063068271318
55,2163,0.0009736263690855686,0.021851615355386163,0.0014319828699619313,0.030071640269200558,0.0391530836859758,8.904471699705847e-5,0.13162887350019845,0.7877703007888427,0.003196973963253161,true,0.029506239088513672
55,2164,0.0009982210535873267,0.022104506985759838,0.0014240963422552898,0.029906023187361085,0.03828080076479401,8.904471699705847e-5,0.13162887350019845,0.7877703007888427,0.003196973963253161,true,0.027275131179942416
55,2165,0.0019844022878950686,0.032244786694173216,0.0018095573964681524,0.0380007053258312,0.030685823918055063,8.904471699705847e-5,0.13162887350019845,0.7877703007888427,0.003196973963253161,true,0.026915866094680375
55,2166,0.001820392041092573,0.03055837275749894,0.0017919285263619442,0.03763049905360083,0.02931008423495626,8.904471699705847e-5,0.13162887350019845,0.7877703007888427,0.003196973963253161,true,0.022917683038336852
55,2167,0.0026897811932925647,0.03949775313919586,0.002180715106061507,0.045795017227291644,0.02130080455116846,8.904471699705847e-5,0.13162887350019845,0.7877703007888427,0.003196973963253161,true,0.02889192115300955
55,2168,0.002232257502571016,0.034793325559615326,0.002066765010493207,0.04340206522035735,0.021025251256459567,8.904471699705847e-5,0.13162887350019845,0.7877703007888427,0.003196973963253161,true,0.02457043060589798
55,2169,0.0018560465609320147,0.03092498569989071,0.0019503269883964789,0.04095686675632606,0.027505741420483117,8.904471699705847e-5,0.13162887350019845,0.7877703007888427,0.003196973963253161,true,0.027836794791975185
55,2170,0.002061793369991106,0.033040550385561515,0.002042776550208473,0.042898307554377936,0.029855052849574626,8.904471699705847e-5,0.13162887350019845,0.7877703007888427,0.003196973963253161,true,0.027796525243051717
55,2171,0.0017461030548604362,0.029794505961577667,0.001941851506430172,0.04077888163503361,0.030698452902723456,8.904471699705847e-5,0.13162887350019845,0.7877703007888427,0.003196973963253161,true,0.028485825802064046
55,2172,0.0018655895176224952,0.03102310990538188,0.0019875727730508936,0.04173902823406877,0.028185541973048858,8.904471699705847e-5,0.13162887350019845,0.7877703007888427,0.003196973963253161,true,0.027690731515509052
55,2173,0.0015820011384724913,0.028107149444366597,0.0018846567865517447,0.03957779251758664,0.05736688969547297,8.904471699705847e-5,0.13162887350019845,0.7877703007888427,0.003196973963253161,true,0.025643919023549337
55,2174,0.001793586321957986,0.030282746452359715,0.002003727471917454,0.04207827691026654,0.057212285594892553,8.904471699705847e-5,0.13162887350019845,0.7877703007888427,0.003196973963253161,true,0.026528157852074755
55,2175,0.0015047402208990914,0.027312724152677798,0.0018836186398745356,0.03955599143736525,0.05815640064982184,8.904471699705847e-5,0.13162887350019845,0.7877703007888427,0.003196973963253161,true,0.02737553167759138
55,2176,0.001579637736154617,0.028082848068784673,0.0019288077906083423,0.04050496360277519,0.05552357056797497,8.904471699705847e-5,0.13162887350019845,0.7877703007888427,0.003196973963253161,true,0.026292097448801805
56,2177,0.0013960121451547336,0.02655320903180423,0.0018319725760142262,0.03847142409629875,0.055387407948680766,9.45564845975891e-5,0.13716221264953823,0.7800561334418895,0.0031615044759303918,true,0.02361655875399435
56,2178,0.0013822604550882416,0.026414150355322727,0.0017951477520846706,0.03769810279377808,0.05923742824065905,9.45564845975891e-5,0.13716221264953823,0.7800561334418895,0.0031615044759303918,true,0.02721689495906415
56,2179,0.001202771087487802,0.024599133162502413,0.0017067585781425914,0.03584193014099442,0.05976405450239105,9.45564845975891e-5,0.13716221264953823,0.7800561334418895,0.0031615044759303918,true,0.023768163671727523
56,2180,0.001036779286470378,0.02292060492018053,0.0016087469934596347,0.03378368686265233,0.06182318383050503,9.45564845975891e-5,0.13716221264953823,0.7800561334418895,0.0031615044759303918,true,0.0237412674019215
56,2181,0.0009175409990311187,0.021714853601102528,0.00151518497724063,0.031818884522053226,0.0621828691462063,9.45564845975891e-5,0.13716221264953823,0.7800561334418895,0.0031615044759303918,true,0.020494450492651358
56,2182,0.00091685021326496,0.021707868295739344,0.0014820615056495387,0.031123291618640313,0.06265625505454728,9.45564845975891e-5,0.13716221264953823,0.7800561334418895,0.0031615044759303918,true,0.019604935481310943
56,2183,0.0008211332158116829,0.0207399669746451,0.0013952605253170953,0.029300471031659003,0.06388667210826121,9.45564845975891e-5,0.13716221264953823,0.7800561334418895,0.0031615044759303918,true,0.019754695086949926
56,2184,0.0012673812808031738,0.025252478891369737,0.0015213568911275682,0.03194849471367893,0.062164979305137535,9.45564845975891e-5,0.13716221264953823,0.7800561334418895,0.0031615044759303918,true,0.02624481265921432
56,2185,0.001161244555765101,0.0241792120828166,0.0014557709468800818,0.03057118988448172,0.06216738901544059,9.45564845975891e-5,0.13716221264953823,0.7800561334418895,0.0031615044759303918,true,0.024775115073191727
56,2186,0.0010503376528330976,0.023057708685065778,0.0013836329140111195,0.02905629119423351,0.06192101308813335,9.45564845975891e-5,0.13716221264953823,0.7800561334418895,0.0031615044759303918,true,0.023689130560688672
56,2187,0.0009447148028192765,0.02198963824004351,0.0013090151318664053,0.027489317769194513,0.06178185199448713,9.45564845975891e-5,0.13716221264953823,0.7800561334418895,0.0031615044759303918,true,0.030031128439568944
56,2188,0.0008548033244584062,0.02108044299779301,0.0012462197342084321,0.026170614418377074,0.06211464073226413,9.45564845975891e-5,0.13716221264953823,0.7800561334418895,0.0031615044759303918,true,0.028490525942458943
56,2189,0.0007614208545606242,0.020136148688673805,0.001171806163268783,0.024607929428644447,0.06276217375640161,9.45564845975891e-5,0.13716221264953823,0.7800561334418895,0.0031615044759303918,true,0.019270857638786762
56,2190,0.0016665505874638624,0.029288924972388407,0.0014978950818469337,0.03145579671878561,0.056191033039451076,9.45564845975891e-5,0.13716221264953823,0.7800561334418895,0.0031615044759303918,true,0.031866472279546344
56,2191,0.002263301389424148,0.03532333792880564,0.0017584492437973916,0.03692743411974522,0.05035663518089682,9.45564845975891e-5,0.13716221264953823,0.7800561334418895,0.0031615044759303918,true,0.03035892701816679
56,2192,0.0019964909889758943,0.03262532037762192,0.0017251878415926853,0.03622894467344639,0.050084708855555896,9.45564845975891e-5,0.13716221264953823,0.7800561334418895,0.0031615044759303918,true,0.02831413873377113
56,2193,0.0016914800217421345,0.029541014287913062,0.0016331342723231803,0.034295819718786785,0.04990074191601023,9.45564845975891e-5,0.13716221264953823,0.7800561334418895,0.0031615044759303918,true,0.030815072294307265
56,2194,0.005306462349062771,0.06609613264141087,0.003302365459213142,0.06934967464347598,0.020484951577977254,9.45564845975891e-5,0.13716221264953823,0.7800561334418895,0.0031615044759303918,true,0.027083710440760366
56,2195,0.004797621950837695,0.06095067982976597,0.003327097378184343,0.0698690449418712,0.019580059954847857,9.45564845975891e-5,0.13716221264953823,0.7800561334418895,0.0031615044759303918,true,0.024656218815258906
56,2196,0.003941425880540022,0.052292726387783595,0.0031842332550611682,0.06686889835628454,0.021638324389906635,9.45564845975891e-5,0.13716221264953823,0.7800561334418895,0.0031615044759303918,true,0.021676671342633163
56,2197,0.0031727231658868387,0.044519515852165445,0.0029934157239729637,0.06286173020343223,0.02329855955561597,9.45564845975891e-5,0.13716221264953823,0.7800561334418895,0.0031615044759303918,true,0.021914333951695307
57,2198,0.0025935438613249482,0.038839508998798865,0.002824534276219318,0.059315219800605674,0.023134088004788715,9.608330538473319e-5,0.14036378097557145,0.7767629524757543,0.00313079352423265,true,0.020674434833466464
57,2199,0.0028859963747712583,0.04179475796129202,0.002959156967796154,0.06214229632371924,0.018083638587225125,9.608330538473319e-5,0.14036378097557145,0.7767629524757543,0.00313079352423265,true,0.029281415428841977
57,2200,0.002483913192515482,0.03773168497486178,0.002832524816615306,0.05948302114892143,0.017236592122762927,9.608330538473319e-5,0.14036378097557145,0.7767629524757543,0.00313079352423265,true,0.026978616335487027
57,2201,0.002366762605756691,0.03654787176055702,0.0027905150173108254,0.058600815363527334,0.015181961693157886,9.608330538473319e-5,0.14036378097557145,0.7767629524757543,0.00313079352423265,true,0.032615950077817375
57,2202,0.0019755145308197426,0.0325942881380072,0.0026476280386028253,0.05560018881065933,0.01514871326289323,9.608330538473319e-5,0.14036378097557145,0.7767629524757543,0.00313079352423265,true,0.03044571298556491
57,2203,0.0018002885261686418,0.03082361958623203,0.0025749611378304616,0.054074183894439694,0.013772798423739796,9.608330538473319e-5,0.14036378097557145,0.7767629524757543,0.00313079352423265,true,0.029249842381692325
57,2204,0.0016422588898922649,0.029226721296162553,0.0024964112027899992,0.05242463525858999,0.012642994924342827,9.608330538473319e-5,0.14036378097557145,0.7767629524757543,0.00313079352423265,true,0.025647752779776926
57,2205,0.0015852445762549862,0.02865058847638168,0.0024531369597646764,0.051515876155058204,0.011864048777922076,9.608330538473319e-5,0.14036378097557145,0.7767629524757543,0.00313079352423265,true,0.0247402537803372
57,2206,0.001407507912964193,0.02685454957899829,0.0023317887940171467,0.04896756467436008,0.011459445118160825,9.608330538473319e-5,0.14036378097557145,0.7767629524757543,0.00313079352423265,true,0.02364718668227849
57,2207,0.0011894139518837318,0.02465069793616609,0.002192307134681526,0.046038449828312046,0.012474659325292486,9.608330538473319e-5,0.14036378097557145,0.7767629524757543,0.00313079352423265,true,0.02191990427965712
57,2208,0.0010222765685528258,0.022961765354045677,0.0020608192336778147,0.04327720390723411,0.013350131702186928,9.608330538473319e-5,0.14036378097557145,0.7767629524757543,0.00313079352423265,true,0.019803738682791006
57,2209,0.0009536296434939559,0.022268084346938125,0.0019728829141777773,0.041430541197733324,0.013027614471324462,9.608330538473319e-5,0.14036378097557145,0.7767629524757543,0.00313079352423265,true,0.021995195238830156
57,2210,0.0009074664250603557,0.021801602449505957,0.001893721533888217,0.03976815221165256,0.013134089268191542,9.608330538473319e-5,0.14036378097557145,0.7767629524757543,0.00313079352423265,true,0.021955523013328582
57,2211,0.0008125608770782123,0.02084257659295245,0.0017822270872121686,0.03742676883145554,0.013123056977438739,9.608330538473319e-5,0.14036378097557145,0.7767629524757543,0.00313079352423265,true,0.02433879502381503
57,2212,0.0007316426180420238,0.020024893071462217,0.0016756574573274562,0.03518880660387658,0.013304474258091205,9.608330538473319e-5,0.14036378097557145,0.7767629524757543,0.00313079352423265,true,0.02364501617936681
57,2213,0.0007697803412310244,0.02041027689175493,0.0016310479827904899,0.034252007638600285,0.01252316190178381,9.608330538473319e-5,0.14036378097557145,0.7767629524757543,0.00313079352423265,true,0.02388672961562755
57,2214,0.0006940533141385788,0.019645051058642962,0.0015336047886763764,0.032205700562203905,0.012557134964632115,9.608330538473319e-5,0.14036378097557145,0.7767629524757543,0.00313079352423265,true,0.02395367733455696
57,2215,0.0006472969079138603,0.01917257496549126,0.001443860324303167,0.030321066810366507,0.012605419924318293,9.608330538473319e-5,0.14036378097557145,0.7767629524757543,0.00313079352423265,true,0.01875772598278133
57,2216,0.0009480443660147785,0.02221164480644293,0.0015258090539812027,0.03204199013360526,0.00985784822409793,9.608330538473319e-5,0.14036378097557145,0.7767629524757543,0.00313079352423265,true,0.01877578890667898
57,2217,0.0012073850418518413,0.024832296802789873,0.0016145180964137434,0.03390488002468861,0.007080919842107817,9.608330538473319e-5,0.14036378097557145,0.7767629524757543,0.00313079352423265,true,0.02402309214627222
57,2218,0.0012330470453502111,0.025091612779665467,0.0016174975847869449,0.03396744928052584,0.005862712100317027,9.608330538473319e-5,0.14036378097557145,0.7767629524757543,0.00313079352423265,true,0.024717713950422104
58,2219,0.0010722315163295855,0.023857039937595553,0.0015213029323348248,0.03194736157903132,0.0062086142247789215,9.412281301406023e-5,0.1420508160784772,0.7794667557856788,0.003119558595622487,true,0.025243265268175094
58,2220,0.0009300632091048699,0.02237111474107299,0.001431092539490915,0.030052943329309214,0.006206398919418467,9.412281301406023e-5,0.1420508160784772,0.7794667557856788,0.003119558595622487,true,0.01907993293657228
58,2221,0.0008195700952225981,0.02121625466596223,0.0013453214661406495,0.02825175078895364,0.006293040296313175,9.412281301406023e-5,0.1420508160784772,0.7794667557856788,0.003119558595622487,true,0.018380613777447586
58,2222,0.0007531884398611343,0.020522441985667984,0.001269266042088346,0.026654586883855268,0.006342264848115583,9.412281301406023e-5,0.1420508160784772,0.7794667557856788,0.003119558595622487,true,0.01696190914256402
58,2223,0.0007531569159742266,0.020522112501982322,0.001215659096077815,0.025528841017634113,0.005971385251067383,9.412281301406023e-5,0.1420508160784772,0.7794667557856788,0.003119558595622487,true,0.015703142546841162
58,2224,0.0006842748334746505,0.019802165672951837,0.0011463554415077459,0.024073464271662664,0.006563241227817269,9.412281301406023e-5,0.1420508160784772,0.7794667557856788,0.003119558595622487,true,0.01561252508154594
58,2225,0.0006585277813111478,0.01953306073463772,0.0010857336382828283,0.022800406403939395,0.008227318324141914,9.412281301406023e-5,0.1420508160784772,0.7794667557856788,0.003119558595622487,true,0.01588359517377307
58,2226,0.0007223472090888601,0.020200093335741017,0.0010803632803426907,0.022687628887196505,0.007252164426549182,9.412281301406023e-5,0.1420508160784772,0.7794667557856788,0.003119558595622487,true,0.01288158679541201
58,2227,0.0006667778949919935,0.01961928988114621,0.001017105315774805,0.021359211631270907,0.007530859031397258,9.412281301406023e-5,0.1420508160784772,0.7794667557856788,0.003119558595622487,true,0.012382620372432639
58,2228,0.0007321189230551151,0.020302226056310862,0.0010174175175616245,0.021365767868794114,0.0065108615832102385,9.412281301406023e-5,0.1420508160784772,0.7794667557856788,0.003119558595622487,true,0.013505304861117097
58,2229,0.0008168847069774548,0.02118818732708904,0.0010089513361987736,0.021187978060174244,0.006542663437095637,9.412281301406023e-5,0.1420508160784772,0.7794667557856788,0.003119558595622487,true,0.013610799924284798
58,2230,0.0007563409850245009,0.02055539198966583,0.000964776056695731,0.02026029719061035,0.0069171649280934805,9.412281301406023e-5,0.1420508160784772,0.7794667557856788,0.003119558595622487,true,0.013142331989833105
58,2231,0.0007685738239548698,0.02068324807761169,0.0009524895756671182,0.02000228108900948,0.006331492412794981,9.412281301406023e-5,0.1420508160784772,0.7794667557856788,0.003119558595622487,true,0.013363120128185788
58,2232,0.0006936736659554517,0.019900401083316838,0.0008968071090391676,0.01883294928982252,0.006355032241728339,9.412281301406023e-5,0.1420508160784772,0.7794667557856788,0.003119558595622487,true,0.012999920182985247
58,2233,0.000674968252807316,0.019704894466893205,0.0008542477146839835,0.01793920200836365,0.0062898921604890665,9.412281301406023e-5,0.1420508160784772,0.7794667557856788,0.003119558595622487,true,0.013593022084264014
58,2234,0.0006321640118271965,0.019257509944758826,0.0008120440833271819,0.017052925749870818,0.006457302050187462,9.412281301406023e-5,0.1420508160784772,0.7794667557856788,0.003119558595622487,true,0.01248692315428435
58,2235,0.0005884028639968151,0.018800123953047393,0.0007657795069517652,0.01608136964598707,0.006472019742436543,9.412281301406023e-5,0.1420508160784772,0.7794667557856788,0.003119558595622487,true,0.013213009788504461
58,2236,0.0005581571155471582,0.018483999209169065,0.0007250016570632033,0.015225034798327269,0.006410715922868373,9.412281301406023e-5,0.1420508160784772,0.7794667557856788,0.003119558595622487,true,0.011501254880920133
58,2237,0.0005463757645457274,0.018360862016050267,0.0006852276047624148,0.014389779700010711,0.006375315982797743,9.412281301406023e-5,0.1420508160784772,0.7794667557856788,0.003119558595622487,true,0.0129625762915528
58,2238,0.0005403205368450595,0.018297573540673812,0.0006577558312286758,0.013812872455802193,0.0077172520570474605,9.412281301406023e-5,0.1420508160784772,0.7794667557856788,0.003119558595622487,true,0.013585745130840222
58,2239,0.0005987335412454841,0.018908098887268673,0.0006450485910055339,0.013546020411116211,0.007286628968705271,9.412281301406023e-5,0.1420508160784772,0.7794667557856788,0.003119558595622487,true,0.015993453906039023
59,2240,0.0006003129298811998,0.01903182658169523,0.0006279550056480123,0.013187055118608257,0.007016091143498256,9.967434424643714e-5,0.14568190935667158,0.7702017402255122,0.003204862912820592,true,0.015407400201020957
59,2241,0.0005694885117114584,0.01872327444510397,0.0005912125700836837,0.012415463971757358,0.007012180568824939,9.967434424643714e-5,0.14568190935667158,0.7702017402255122,0.003204862912820592,true,0.016768534185878245
59,2242,0.0005438727981084792,0.01846686139234219,0.0005610327775115347,0.011781688327742228,0.0069598690933170395,9.967434424643714e-5,0.14568190935667158,0.7702017402255122,0.003204862912820592,true,0.017306278495023208
59,2243,0.0005490789163028999,0.018518974586608807,0.0005349881478851226,0.011234751105587575,0.007493913053275615,9.967434424643714e-5,0.14568190935667158,0.7702017402255122,0.003204862912820592,true,0.017467381966664395
59,2244,0.000522716608748023,0.01825508813539533,0.000503185099703893,0.010566887093781754,0.007981937444658313,9.967434424643714e-5,0.14568190935667158,0.7702017402255122,0.003204862912820592,true,0.017359703504330765
59,2245,0.0005749669336266994,0.01877811339706042,0.0005121412435212523,0.0107549661139463,0.007624765889758827,9.967434424643714e-5,0.14568190935667158,0.7702017402255122,0.003204862912820592,true,0.018169440271889423
59,2246,0.0007666309704403852,0.020696668606794165,0.0005894169179550032,0.012377755277055067,0.005826607661114164,9.967434424643714e-5,0.14568190935667158,0.7702017402255122,0.003204862912820592,true,0.0214596240652822
59,2247,0.0006904146073226061,0.01993374352727746,0.0005553163293789711,0.011661642916958393,0.00614995943183725,9.967434424643714e-5,0.14568190935667158,0.7702017402255122,0.003204862912820592,true,0.016735847026239318
59,2248,0.0006610256655610921,0.01963956049606058,0.0005402828581597931,0.011345940021355656,0.005894766987684463,9.967434424643714e-5,0.14568190935667158,0.7702017402255122,0.003204862912820592,true,0.01599657335591883
59,2249,0.0006092108844933003,0.019120895023854854,0.000508004560512292,0.010668095770758132,0.006341772087150487,9.967434424643714e-5,0.14568190935667158,0.7702017402255122,0.003204862912820592,true,0.017487883566775466
59,2250,0.0007308215357321574,0.020338216501437145,0.0005320112678055251,0.011172236623916029,0.005495123755724917,9.967434424643714e-5,0.14568190935667158,0.7702017402255122,0.003204862912820592,true,0.017936074527383078
59,2251,0.0007345802730788074,0.02037584142700128,0.000538922481865948,0.011317372119184908,0.005405268172829638,9.967434424643714e-5,0.14568190935667158,0.7702017402255122,0.003204862912820592,true,0.01747750475132062
59,2252,0.0006800131769259174,0.01982962530662426,0.0005170468644092121,0.010857984152593455,0.006492044030081668,9.967434424643714e-5,0.14568190935667158,0.7702017402255122,0.003204862912820592,true,0.017766674532260288
59,2253,0.0006383776593163516,0.019412854166102767,0.0004889033501927375,0.010266970354047488,0.0065384121505279984,9.967434424643714e-5,0.14568190935667158,0.7702017402255122,0.003204862912820592,true,0.01589392173904529
59,2254,0.0006003450541484344,0.019032148145308764,0.0004669097764939828,0.00980510530637364,0.006458140294501085,9.967434424643714e-5,0.14568190935667158,0.7702017402255122,0.003204862912820592,true,0.015334691836442222
59,2255,0.0005932641341329164,0.018961268202408017,0.000457991014810485,0.009617811311020186,0.006196068251613906,9.967434424643714e-5,0.14568190935667158,0.7702017402255122,0.003204862912820592,true,0.01334365501617681
59,2256,0.0005592479748363297,0.0186207667670916,0.0004338526840810149,0.009110906365701313,0.006253165408535897,9.967434424643714e-5,0.14568190935667158,0.7702017402255122,0.003204862912820592,true,0.014195782958247664
59,2257,0.0005308694780563322,0.018336698280656646,0.00040931221439060775,0.008595556502202763,0.0062406347355706574,9.967434424643714e-5,0.14568190935667158,0.7702017402255122,0.003204862912820592,true,0.010449560346776703
59,2258,0.0005187622044595264,0.018215504585579655,0.0003863555322459372,0.008113466177164682,0.00625022027494889,9.967434424643714e-5,0.14568190935667158,0.7702017402255122,0.003204862912820592,true,0.010539555240217916
59,2259,0.0006923497730105122,0.019953114517651825,0.0004573322475181701,0.009603977197881572,0.004755029709671895,9.967434424643714e-5,0.14568190935667158,0.7702017402255122,0.003204862912820592,true,0.015497588223754214
59,2260,0.0006329972919484047,0.01935899673924449,0.00043081303701712715,0.00904707377735967,0.004745278551590438,9.967434424643714e-5,0.14568190935667158,0.7702017402255122,0.003204862912820592,true,0.012744115027671771
60,2261,0.0005875269634071629,0.0187805721357295,0.00041034131538648895,0.008617167623116267,0.0047307063726852285,9.869874079679811e-5,0.1463699317492609,0.7695522889440347,0.0032249426233192467,true,0.011591664850594709
60,2262,0.0005572870967242399,0.018477782765475858,0.00038642106675745294,0.008114842401906512,0.004793131573731884,9.869874079679811e-5,0.1463699317492609,0.7695522889440347,0.0032249426233192467,true,0.00916205182279414
60,2263,0.0005399948345121636,0.018304636724841616,0.00036539007585440376,0.007673191592942479,0.006026378920456917,9.869874079679811e-5,0.1463699317492609,0.7695522889440347,0.0032249426233192467,true,0.00888677323273031
60,2264,0.0006367976870118997,0.019273915956608326,0.0003831266459249341,0.008045659564423616,0.0053672491181962455,9.869874079679811e-5,0.1463699317492609,0.7695522889440347,0.0032249426233192467,true,0.009648414795381338
60,2265,0.0006414639927815344,0.01932063930364598,0.00038971675134427767,0.00818405177822983,0.00488003485059188,9.869874079679811e-5,0.1463699317492609,0.7695522889440347,0.0032249426233192467,true,0.01059638216353444
60,2266,0.0006208589174292218,0.019114322329587402,0.0003840507027692448,0.00806506475815414,0.004875650595742015,9.869874079679811e-5,0.1463699317492609,0.7695522889440347,0.0032249426233192467,true,0.010366738367278435
60,2267,0.0005795891725468136,0.018701091669727065,0.0003611223159294362,0.007583568634518161,0.004977236204305975,9.869874079679811e-5,0.1463699317492609,0.7695522889440347,0.0032249426233192467,true,0.011258849066310276
60,2268,0.000579138040078136,0.018696574516343947,0.0003601205097183233,0.007562530704084789,0.004750347715396655,9.869874079679811e-5,0.1463699317492609,0.7695522889440347,0.0032249426233192467,true,0.007449178453236089
60,2269,0.0005597995511612208,0.01850293977111815,0.0003414872410296171,0.007171232061621959,0.004701657172189479,9.869874079679811e-5,0.1463699317492609,0.7695522889440347,0.0032249426233192467,true,0.006796498065883346
60,2270,0.0005767709373390177,0.01867287290564511,0.000347956986377888,0.007307096713935648,0.0043148403069935785,9.869874079679811e-5,0.1463699317492609,0.7695522889440347,0.0032249426233192467,true,0.006813900841065846
60,2271,0.0005604751384894257,0.018509704373085592,0.0003307676482336511,0.006946120612906673,0.005396598900328572,9.869874079679811e-5,0.1463699317492609,0.7695522889440347,0.0032249426233192467,true,0.006930999743362811
60,2272,0.000635401832963535,0.019259939381489725,0.0003443621444946697,0.007231605034388064,0.005227860019292717,9.869874079679811e-5,0.1463699317492609,0.7695522889440347,0.0032249426233192467,true,0.007137989238649583
60,2273,0.0007402579495441383,0.02030985530339466,0.00039936669871533246,0.008386700673021982,0.003967633907859428,9.869874079679811e-5,0.1463699317492609,0.7695522889440347,0.0032249426233192467,true,0.011714967632105087
60,2274,0.0006928695941630216,0.019835359485220066,0.0003810660816672704,0.008002387715012677,0.003910206993985926,9.869874079679811e-5,0.1463699317492609,0.7695522889440347,0.0032249426233192467,true,0.011686340224383885
60,2275,0.0006334549682490967,0.019240445580573376,0.000360726432718429,0.007575255087087008,0.004619015972558082,9.869874079679811e-5,0.1463699317492609,0.7695522889440347,0.0032249426233192467,true,0.010968761657013998
60,2276,0.000588845672674559,0.01879377626631676,0.00034245434908823365,0.007191541330852907,0.004622020538517974,9.869874079679811e-5,0.1463699317492609,0.7695522889440347,0.0032249426233192467,true,0.007573015599372619
60,2277,0.0005598506126076225,0.018503451045303394,0.0003286740477174181,0.006902155002065781,0.0047180845141238485,9.869874079679811e-5,0.1463699317492609,0.7695522889440347,0.0032249426233192467,true,0.005923230133462316
60,2278,0.0005361706591921569,0.018266345562746707,0.0003096924558309125,0.0065035415724491626,0.006131088342880862,9.869874079679811e-5,0.1463699317492609,0.7695522889440347,0.0032249426233192467,true,0.006044624982324884
60,2279,0.0005124567175657738,0.01802889975894827,0.00029328809156251755,0.006159049922812868,0.006095616826477796,9.869874079679811e-5,0.1463699317492609,0.7695522889440347,0.0032249426233192467,true,0.005990925537116943
60,2280,0.0005135580102537504,0.018039926914687872,0.00028013741935913576,0.005882885806541851,0.006034917805536864,9.869874079679811e-5,0.1463699317492609,0.7695522889440347,0.0032249426233192467,true,0.010019946251567411
60,2281,0.0004940166694266923,0.01784426102948481,0.0002636648290627474,0.005536961410317696,0.006029478616691225,9.869874079679811e-5,0.1463699317492609,0.7695522889440347,0.0032249426233192467,true,0.012178473582082282
61,2282,0.0004927507709049585,0.017668323579152483,0.00025234766917505943,0.005299301052676248,0.006219406934866121,9.562889584903094e-5,0.14608936455871696,0.7721939444506941,0.003316854088972727,true,0.013563653056550438
61,2283,0.00048021783216502874,0.017540553716680028,0.0002416525513815086,0.0050747035790116805,0.0068527236458073145,9.562889584903094e-5,0.14608936455871696,0.7721939444506941,0.003316854088972727,true,0.012781932683336057
61,2284,0.0006879918446060728,0.019658752612072578,0.00030330251220451803,0.006369352756294879,0.006763075698856117,9.562889584903094e-5,0.14608936455871696,0.7721939444506941,0.003316854088972727,true,0.02157229483340545
61,2285,0.0006300975554545971,0.019068536261676067,0.00028521654795840123,0.0059895475071264255,0.006767144121058573,9.562889584903094e-5,0.14608936455871696,0.7721939444506941,0.003316854088972727,true,0.013153510360329404
61,2286,0.0005869566045113955,0.01862872613546982,0.0002684484031994748,0.005637416467188971,0.00824598614165496,9.562889584903094e-5,0.14608936455871696,0.7721939444506941,0.003316854088972727,true,0.027439634868332907
61,2287,0.0005764486298544641,0.0185216002247285,0.00026979540022213823,0.0056657034046649025,0.008774055954704832,9.562889584903094e-5,0.14608936455871696,0.7721939444506941,0.003316854088972727,true,0.01158147692175715
61,2288,0.0005476268714019293,0.01822777032656088,0.00025981746804899363,0.0054561668290288665,0.008738063605168475,9.562889584903094e-5,0.14608936455871696,0.7721939444506941,0.003316854088972727,true,0.012118650571137344
61,2289,0.0005267745648131131,0.018015186797639762,0.000251280643376148,0.005276893510899107,0.00863701209001094,9.562889584903094e-5,0.14608936455871696,0.7721939444506941,0.003316854088972727,true,0.011341603248031053
61,2290,0.0005050429059291374,0.017793638513991218,0.00023625633407554176,0.0049613830155863774,0.008644032351768851,9.562889584903094e-5,0.14608936455871696,0.7721939444506941,0.003316854088972727,true,0.012889838706400364
61,2291,0.0005040191696040751,0.01778320180380093,0.00022583092192930316,0.004742449360515366,0.008994914756664505,9.562889584903094e-5,0.14608936455871696,0.7721939444506941,0.003316854088972727,true,0.01261047329651083
61,2292,0.0006862172361141348,0.019640660966716093,0.00028087466325208105,0.005898367928293702,0.00851104302054842,9.562889584903094e-5,0.14608936455871696,0.7721939444506941,0.003316854088972727,true,0.01908001936796755
61,2293,0.0007030039449898118,0.01981179684545273,0.0002873384057498425,0.006034106520746693,0.008134908225979101,9.562889584903094e-5,0.14608936455871696,0.7721939444506941,0.003316854088972727,true,0.03693081743270515
61,2294,0.0006411282329596453,0.019180990984151304,0.00027015081760919745,0.005673167169793146,0.008211005434628117,9.562889584903094e-5,0.14608936455871696,0.7721939444506941,0.003316854088972727,true,0.032572385548980155
61,2295,0.0005918171745495569,0.01867827830980025,0.0002561575385950934,0.005379308310496962,0.008219587379616368,9.562889584903094e-5,0.14608936455871696,0.7721939444506941,0.003316854088972727,true,0.030398436716612045
61,2296,0.0006904853222312574,0.01968417293047188,0.00028584094094491203,0.006002659759843152,0.007592987909435754,9.562889584903094e-5,0.14608936455871696,0.7721939444506941,0.003316854088972727,true,0.03780389347401897
61,2297,0.0006316163525001556,0.019084019979713904,0.0002722422607787213,0.005717087476353147,0.007541073402013295,9.562889584903094e-5,0.14608936455871696,0.7721939444506941,0.003316854088972727,true,0.016971933220328694
61,2298,0.0006014715156166359,0.01877670166093918,0.0002684385232428289,0.005637208988099407,0.007805588503955406,9.562889584903094e-5,0.14608936455871696,0.7721939444506941,0.003316854088972727,true,0.016850644156484813
61,2299,0.000733325224704191,0.020120913950346254,0.0003378512925502195,0.00709487714355461,0.006709000116240319,9.562889584903094e-5,0.14608936455871696,0.7721939444506941,0.003316854088972727,true,0.01946379493397525
61,2300,0.0006644992624231437,0.01941925219984504,0.00031762910709448225,0.006670211248984127,0.009218160603211959,9.562889584903094e-5,0.14608936455871696,0.7721939444506941,0.003316854088972727,true,0.020707313863816905
61,2301,0.0006087686185551576,0.018851093617865595,0.0002993760327027266,0.006286896686757259,0.009976620855242395,9.562889584903094e-5,0.14608936455871696,0.7721939444506941,0.003316854088972727,true,0.01844306193433834
61,2302,0.0005677278074865867,0.018432693839904295,0.0002814227742749845,0.005909878259774674,0.012003192860805315,9.562889584903094e-5,0.14608936455871696,0.7721939444506941,0.003316854088972727,true,0.017560423353574623
62,2303,0.0005810049679499488,0.018404433623211088,0.0002804358367650561,0.005889152572066178,0.011739454536255429,9.158661946834271e-5,0.14656149819937966,0.7751615604242614,0.003329437793659781,true,0.0165910524980555
62,2304,0.0006732205754891494,0.01936979606579623,0.0003060544315725771,0.006427143063024119,0.011151949041970524,9.158661946834271e-5,0.14656149819937966,0.7751615604242614,0.003329437793659781,true,0.02030508433303928
62,2305,0.0007544184411556927,0.02021981887673128,0.0003584614027670507,0.007527689458108064,0.01003212768282023,9.158661946834271e-5,0.14656149819937966,0.7751615604242614,0.003329437793659781,true,0.01203062821056613
62,2306,0.0006764995651722599,0.019404122288592663,0.00033731001041932925,0.007083510218805915,0.010036242344743228,9.158661946834271e-5,0.14656149819937966,0.7751615604242614,0.003329437793659781,true,0.011617157280461015
62,2307,0.0007975882656262095,0.02067174375483951,0.0004061467791485305,0.00852908236211914,0.0086178532091779,9.158661946834271e-5,0.14656149819937966,0.7751615604242614,0.003329437793659781,true,0.022750154639720348
62,2308,0.0008594291731939274,0.021319127545656874,0.0004309160623972429,0.009049237310342101,0.007822596564929266,9.158661946834271e-5,0.14656149819937966,0.7751615604242614,0.003329437793659781,true,0.027847143500461555
62,2309,0.0007773196201843653,0.020459560702601708,0.0004091113495214106,0.008591338339949623,0.007862717463623069,9.158661946834271e-5,0.14656149819937966,0.7751615604242614,0.003329437793659781,true,0.038570377495455076
62,2310,0.0006942131833820879,0.019589557945293087,0.00038555380105076783,0.008096629822066125,0.008341653857695919,9.158661946834271e-5,0.14656149819937966,0.7751615604242614,0.003329437793659781,true,0.01480927617632503
62,2311,0.0006297535480272649,0.01891475990735979,0.0003628943179951592,0.007620780677898342,0.009100610455755685,9.158661946834271e-5,0.14656149819937966,0.7751615604242614,0.003329437793659781,true,0.01480927617632503
62,2312,0.0006221153801945851,0.01883479946950553,0.00036592357110748274,0.007684394993257138,0.011050989846734327,9.158661946834271e-5,0.14656149819937966,0.7751615604242614,0.003329437793659781,true,0.011851675309382805
62,2313,0.0006470272817275421,0.019095590617067757,0.00038352944931260483,0.008054118435564701,0.011259398974073263,9.158661946834271e-5,0.14656149819937966,0.7751615604242614,0.003329437793659781,true,0.011779210485569347
62,2314,0.0005931432591553506,0.018531503766319728,0.0003612658169725757,0.0075865821564240895,0.011656912444013678,9.158661946834271e-5,0.14656149819937966,0.7751615604242614,0.003329437793659781,true,0.012695919600416529
62,2315,0.0005557123734187368,0.018139657177145958,0.00034420841667750764,0.00722837675022766,0.01158383104808593,9.158661946834271e-5,0.14656149819937966,0.7751615604242614,0.003329437793659781,true,0.011297515816418744
62,2316,0.000537232240691643,0.017946197235333604,0.0003262865984186,0.0068520185667906,0.011998353846150238,9.158661946834271e-5,0.14656149819937966,0.7751615604242614,0.003329437793659781,true,0.011230864981932692
62,2317,0.0005387478084956778,0.017962063012030724,0.0003141662889681712,0.0065974920683315955,0.013505675350770675,9.158661946834271e-5,0.14656149819937966,0.7751615604242614,0.003329437793659781,true,0.013193901740422493
62,2318,0.0005145286297314136,0.017708523657975747,0.0002957532174752373,0.006210817566979983,0.013810618842592208,9.158661946834271e-5,0.14656149819937966,0.7751615604242614,0.003329437793659781,true,0.008332117023862802
62,2319,0.0005401974035059572,0.017977238150136146,0.0003064097286540806,0.006434604301735693,0.014721731259598447,9.158661946834271e-5,0.14656149819937966,0.7751615604242614,0.003329437793659781,true,0.010156735413602378
62,2320,0.0005424360666289127,0.01800067367648761,0.0003077489223738909,0.006462727369851709,0.014393140072169762,9.158661946834271e-5,0.14656149819937966,0.7751615604242614,0.003329437793659781,true,0.00884727414143638
62,2321,0.0009304466080534239,0.022062576146295886,0.00043988250834703184,0.00923753267528767,0.01505472191986886,9.158661946834271e-5,0.14656149819937966,0.7751615604242614,0.003329437793659781,true,0.025773206163425363
62,2322,0.0009004703767248773,0.021748768878014087,0.0004598018450019494,0.009655838745040937,0.015185082938802932,9.158661946834271e-5,0.14656149819937966,0.7751615604242614,0.003329437793659781,true,0.04019414896491381
62,2323,0.0011321972429103374,0.024174610007546324,0.0005538173581700294,0.011630164521570617,0.01316929764830351,9.158661946834271e-5,0.14656149819937966,0.7751615604242614,0.003329437793659781,true,0.026046044219633517
63,2324,0.0009634036531924571,0.02228185374981493,0.0005206624461534051,0.010933911369221507,0.01449790705932127,8.819394217595688e-5,0.14397453246125294,0.7801111554862826,0.0032452647138537447,true,0.025824430988930634
63,2325,0.0008483030796711067,0.021054538715752996,0.0004966171147405309,0.010428959409551148,0.014686308879729383,8.819394217595688e-5,0.14397453246125294,0.7801111554862826,0.0032452647138537447,true,0.02208133990951289
63,2326,0.0007528545045646565,0.020036772534195214,0.00047040104339590933,0.009878421911314095,0.01498576965284735,8.819394217595688e-5,0.14397453246125294,0.7801111554862826,0.0032452647138537447,true,0.025635556453522137
63,2327,0.0006814306544222858,0.01927518149786508,0.0004427801523258363,0.009298383198842563,0.01578701583124233,8.819394217595688e-5,0.14397453246125294,0.7801111554862826,0.0032452647138537447,true,0.014938769984158115
63,2328,0.0006384362570876042,0.01881673312862651,0.0004201853644067274,0.008823892652541276,0.01650786962198456,8.819394217595688e-5,0.14397453246125294,0.7801111554862826,0.0032452647138537447,true,0.01056625007146349
63,2329,0.000595725704038778,0.018361311385135366,0.0003963969338850299,0.008324335611585628,0.017510232609946868,8.819394217595688e-5,0.14397453246125294,0.7801111554862826,0.0032452647138537447,true,0.009382396669449712
63,2330,0.0005602433469371828,0.01798296374548035,0.00037907062264155855,0.00796048307547273,0.01749846885657897,8.819394217595688e-5,0.14397453246125294,0.7801111554862826,0.0032452647138537447,true,0.006679492646826788
63,2331,0.0005772909463061952,0.018164741944842428,0.00038605170142807794,0.008107085729989636,0.017415498646935153,8.819394217595688e-5,0.14397453246125294,0.7801111554862826,0.0032452647138537447,true,0.008443734296821895
63,2332,0.00062459109863416,0.0186691024904896,0.0004088997402334166,0.008586894544901748,0.017337828553151097,8.819394217595688e-5,0.14397453246125294,0.7801111554862826,0.0032452647138537447,true,0.014763960661665364
63,2333,0.0008718495494896429,0.021305614236258673,0.0005261914314701634,0.01105002006087343,0.015159800000279113,8.819394217595688e-5,0.14397453246125294,0.7801111554862826,0.0032452647138537447,true,0.03608123395925412
63,2334,0.0008672582307715671,0.021256657099760833,0.0005466857856938608,0.011480401499571077,0.014625116386606064,8.819394217595688e-5,0.14397453246125294,0.7801111554862826,0.0032452647138537447,true,0.0273592129281394
63,2335,0.0008442162747946012,0.021010961199909584,0.0005384835813673811,0.011308155208715002,0.01448286753646622,8.819394217595688e-5,0.14397453246125294,0.7801111554862826,0.0032452647138537447,true,0.026842533667308058
63,2336,0.0007506975859683356,0.020013773355828643,0.00050640823145296,0.01063457286051216,0.014551614364102416,8.819394217595688e-5,0.14397453246125294,0.7801111554862826,0.0032452647138537447,true,0.0391780714641559
63,2337,0.000721528106522585,0.019702739800006353,0.0005036257921913836,0.010576141636019056,0.014198885398543385,8.819394217595688e-5,0.14397453246125294,0.7801111554862826,0.0032452647138537447,true,0.03868190992167574
63,2338,0.0009252378240517978,0.0218748923033276,0.0005713044213918141,0.011997392849228097,0.013003427025300555,8.819394217595688e-5,0.14397453246125294,0.7801111554862826,0.0032452647138537447,true,0.01796308681161512
63,2339,0.0008729630833694282,0.021317487824980143,0.0005557596714627535,0.011670953100717824,0.012719330032232452,8.819394217595688e-5,0.14397453246125294,0.7801111554862826,0.0032452647138537447,true,0.018745435959396223
63,2340,0.001004817786751571,0.0227234517991098,0.0006054825404227202,0.012715133348877125,0.011626154860156114,8.819394217595688e-5,0.14397453246125294,0.7801111554862826,0.0032452647138537447,true,0.02178449757454954
63,2341,0.0008732520517801395,0.02132056908916489,0.0005691618941906909,0.011952399778004509,0.011635818004058905,8.819394217595688e-5,0.14397453246125294,0.7801111554862826,0.0032452647138537447,true,0.019893846651142123
63,2342,0.0011749411699702628,0.02453747391456911,0.0007253056127167699,0.015231417867052167,0.008505918440224643,8.819394217595688e-5,0.14397453246125294,0.7801111554862826,0.0032452647138537447,true,0.026939774518159806
63,2343,0.0011642623332743804,0.024423605699822833,0.0007359212242455473,0.015454345709156493,0.007847958104540625,8.819394217595688e-5,0.14397453246125294,0.7801111554862826,0.0032452647138537447,true,0.026177620856176774
63,2344,0.0009964485399462568,0.022634210693581933,0.0006924224572290461,0.014540871601809969,0.008939913664447753,8.819394217595688e-5,0.14397453246125294,0.7801111554862826,0.0032452647138537447,true,0.013703997879043405
64,2345,0.0010918139081467115,0.02363029794189547,0.0007306678039299463,0.015344023882528873,0.007662342395248357,8.843409343923102e-5,0.14448021979479872,0.7792541296660844,0.0032153646146820553,true,0.026299206916640464
64,2346,0.0009689587833966161,0.022323889965140273,0.0007053262602749666,0.014811851465774298,0.007419303193966269,8.843409343923102e-5,0.14448021979479872,0.7792541296660844,0.0032153646146820553,true,0.01454031427547611
64,2347,0.0009144897544650845,0.021744681128496222,0.0006845552865853568,0.014375661018292492,0.008573109436607856,8.843409343923102e-5,0.14448021979479872,0.7792541296660844,0.0032153646146820553,true,0.012491848272659742
64,2348,0.0009462286131439451,0.022082183517879755,0.0006921599116276158,0.01453535814417993,0.008105799303872464,8.843409343923102e-5,0.14448021979479872,0.7792541296660844,0.0032153646146820553,true,0.015656047393764073
64,2349,0.0009149283306016373,0.021749344827828036,0.0006978535655949338,0.014654924877493609,0.00880733452447791,8.843409343923102e-5,0.14448021979479872,0.7792541296660844,0.0032153646146820553,true,0.014648235390760591
64,2350,0.0009808986857626815,0.022450855638932354,0.0007175468222796826,0.015068483267873335,0.00800052965122481,8.843409343923102e-5,0.14448021979479872,0.7792541296660844,0.0032153646146820553,true,0.02940151487094149
64,2351,0.0008772440647840751,0.02134862059623925,0.0006802456925304581,0.01428515954313962,0.008781300649209638,8.843409343923102e-5,0.14448021979479872,0.7792541296660844,0.0032153646146820553,true,0.015684224687105876
64,2352,0.0008142457149697424,0.020678713281527948,0.0006641780545450144,0.013947739145445302,0.008378936855281146,8.843409343923102e-5,0.14448021979479872,0.7792541296660844,0.0032153646146820553,true,0.01491580057607788
64,2353,0.0008483966918223995,0.02104186547941181,0.0006656783065362934,0.01397924443726216,0.007792336287504543,8.843409343923102e-5,0.14448021979479872,0.7792541296660844,0.0032153646146820553,true,0.015637827533225387
64,2354,0.0007652168341793896,0.02015735350035328,0.0006368815706225483,0.013374512983073515,0.00775539864202601,8.843409343923102e-5,0.14448021979479872,0.7792541296660844,0.0032153646146820553,true,0.012893895938476332
64,2355,0.0007513064888065086,0.020009434671639237,0.0006186534996767196,0.012991723493211113,0.007435418148945312,8.843409343923102e-5,0.14448021979479872,0.7792541296660844,0.0032153646146820553,true,0.01349868633694819
64,2356,0.0006988660209880566,0.0194517970020495,0.0005975983015028778,0.012549564331560433,0.00719860801752942,8.843409343923102e-5,0.14448021979479872,0.7792541296660844,0.0032153646146820553,true,0.015278724644733968
64,2357,0.0006370984520294856,0.01879497747615348,0.0005661008780384986,0.011888118438808472,0.007282763310705845,8.843409343923102e-5,0.14448021979479872,0.7792541296660844,0.0032153646146820553,true,0.012376923846918492
64,2358,0.000611517423958172,0.01852295578235811,0.0005385731420482483,0.011310035983013214,0.007190458551571484,8.843409343923102e-5,0.14448021979479872,0.7792541296660844,0.0032153646146820553,true,0.013641669510015017
64,2359,0.0006100658850819688,0.018507520512805457,0.000532427427862697,0.011180975985116637,0.006776298687355631,8.843409343923102e-5,0.14448021979479872,0.7792541296660844,0.0032153646146820553,true,0.013384521787940131
64,2360,0.0005743158026586092,0.01812736386128168,0.0005021694779612972,0.01054555903718724,0.006846926592499561,8.843409343923102e-5,0.14448021979479872,0.7792541296660844,0.0032153646146820553,true,0.013289148793281639
64,2361,0.0005636950907126708,0.018014426099562605,0.000489517248206771,0.01027986221234219,0.007028989347569659,8.843409343923102e-5,0.14448021979479872,0.7792541296660844,0.0032153646146820553,true,0.013373969729082457
64,2362,0.000533514492881054,0.017693493832140573,0.000460734308141866,0.009675420470979187,0.007020134878541886,8.843409343923102e-5,0.14448021979479872,0.7792541296660844,0.0032153646146820553,true,0.012267425567007483
64,2363,0.0005176866389224412,0.017525184738738816,0.0004355897080008186,0.009147383868017191,0.006978664448122111,8.843409343923102e-5,0.14448021979479872,0.7792541296660844,0.0032153646146820553,true,0.013001463787025613
64,2364,0.0005431510582027584,0.017795966446371405,0.00042411065367151205,0.008906323727101753,0.0067564181733968,8.843409343923102e-5,0.14448021979479872,0.7792541296660844,0.0032153646146820553,true,0.01426875776785787
64,2365,0.0007033831204058817,0.019499830608488356,0.00046483785448388063,0.009761594944161494,0.005863010242643897,8.843409343923102e-5,0.14448021979479872,0.7792541296660844,0.0032153646146820553,true,0.018371860067493133
65,2366,0.0006373962149940609,0.018696209544709314,0.00044008400119752703,0.009241764025148067,0.006257006153822289,8.760489913272675e-5,0.1427138363371864,0.7811152555620849,0.0032161263192284897,true,0.013762521990933385
65,2367,0.000588859577649353,0.0181797018584312,0.0004175951336295671,0.008769497806220909,0.006211039727685878,8.760489913272675e-5,0.1427138363371864,0.7811152555620849,0.0032161263192284897,true,0.013480958511187286
65,2368,0.0008006731143349697,0.020433737690763145,0.0004833164020971766,0.010149644444040708,0.006705638493551181,8.760489913272675e-5,0.1427138363371864,0.7811152555620849,0.0032161263192284897,true,0.01652132743584365
65,2369,0.0007465654562948273,0.019857945406972215,0.000474956752244603,0.009974091797136663,0.00720593135319085,8.760489913272675e-5,0.1427138363371864,0.7811152555620849,0.0032161263192284897,true,0.015565850145298227
65,2370,0.0008492596251479176,0.020950776110752876,0.0005357747090112286,0.0112512688892358,0.0057855244398005,8.760489913272675e-5,0.1427138363371864,0.7811152555620849,0.0032161263192284897,true,0.016557069059382503
65,2371,0.0007701504182099229,0.020108927237938546,0.0005167844046958137,0.010852472498612088,0.005797128403526973,8.760489913272675e-5,0.1427138363371864,0.7811152555620849,0.0032161263192284897,true,0.01490001227981621
65,2372,0.0007885855800881826,0.020305106934943053,0.0005383752798807111,0.011305880877494932,0.004961644670245494,8.760489913272675e-5,0.1427138363371864,0.7811152555620849,0.0032161263192284897,true,0.01805545364336655
65,2373,0.0007094125851353821,0.019462579255319225,0.0005066780390185427,0.010640238819389396,0.00507110362573756,8.760489913272675e-5,0.1427138363371864,0.7811152555620849,0.0032161263192284897,true,0.013535793184918429
65,2374,0.0006485564188237915,0.01881497201722153,0.0004824322578748138,0.01013107741537109,0.005217787284800977,8.760489913272675e-5,0.1427138363371864,0.7811152555620849,0.0032161263192284897,true,0.015090745396732693
65,2375,0.0006281110431736693,0.018597400420797723,0.00046241402615204556,0.009710694549192957,0.005095574576152042,8.760489913272675e-5,0.1427138363371864,0.7811152555620849,0.0032161263192284897,true,0.012952239538521922
65,2376,0.0005849001949193719,0.018137567674342013,0.0004354551782896052,0.00914455874408171,0.0051342315047873685,8.760489913272675e-5,0.1427138363371864,0.7811152555620849,0.0032161263192284897,true,0.013615434669718686
65,2377,0.000555473447392682,0.017824419872780148,0.00041118327151403665,0.00863484870179477,0.005962158466170078,8.760489913272675e-5,0.1427138363371864,0.7811152555620849,0.0032161263192284897,true,0.012966180337663304
65,2378,0.000533852180509569,0.01759433490721308,0.0003959200674395735,0.008314321416231042,0.006635018734491633,8.760489913272675e-5,0.1427138363371864,0.7811152555620849,0.0032161263192284897,true,0.011181416273826666
65,2379,0.000511777268890976,0.017359422433900658,0.00037306489453719697,0.007834362785281136,0.00782391850133742,8.760489913272675e-5,0.1427138363371864,0.7811152555620849,0.0032161263192284897,true,0.010944284990361638
65,2380,0.0004962797805035423,0.01719450429560305,0.0003520000833493576,0.00739200175033651,0.007980158541146382,8.760489913272675e-5,0.1427138363371864,0.7811152555620849,0.0032161263192284897,true,0.010944284990361638
65,2381,0.00048170418862652326,0.0170393966151293,0.00033680544842739404,0.007072914416975275,0.013622953167391224,8.760489913272675e-5,0.1427138363371864,0.7811152555620849,0.0032161263192284897,true,0.010236693427805074
65,2382,0.0005528750078729197,0.01779676830774167,0.00034499882574910793,0.007244975340731267,0.0137579503071889,8.760489913272675e-5,0.1427138363371864,0.7811152555620849,0.0032161263192284897,true,0.012330017105198411
65,2383,0.0005219686907817699,0.017467875512413564,0.0003243557228899964,0.006811470180689925,0.013819799162643464,8.760489913272675e-5,0.1427138363371864,0.7811152555620849,0.0032161263192284897,true,0.01085335427056008
65,2384,0.0004964282953613466,0.01719608473194514,0.0003049056120388748,0.00640301785281637,0.013883245458285362,8.760489913272675e-5,0.1427138363371864,0.7811152555620849,0.0032161263192284897,true,0.008076388590771718
65,2385,0.00047568396745971316,0.01697533180397092,0.00028793282698376605,0.0060465893666590866,0.014133452723821485,8.760489913272675e-5,0.1427138363371864,0.7811152555620849,0.0032161263192284897,true,0.008021355704218943
65,2386,0.0005038285835440583,0.01727483567012608,0.00028322622155222527,0.005947750652596731,0.01442305563339805,8.760489913272675e-5,0.1427138363371864,0.7811152555620849,0.0032161263192284897,true,0.010456513579554266
66,2387,0.0005245097081586702,0.017433022976015133,0.00029300882091247454,0.006153185239161966,0.014114761831451411,8.753835407650709e-5,0.14324611643286037,0.7800751924423369,0.0031345031447035992,true,0.008982237218346194
66,2388,0.0005048133092024458,0.01722425117515941,0.00027658647859343317,0.005808316050462096,0.014356019493209764,8.753835407650709e-5,0.14324611643286037,0.7800751924423369,0.0031345031447035992,true,0.009531306792305119
66,2389,0.0008105475892493087,0.020464878884344777,0.00038044419231512885,0.007989328038617707,0.012348652320611943,8.753835407650709e-5,0.14324611643286037,0.7800751924423369,0.0031345031447035992,true,0.009346063278400592
66,2390,0.000816080838243462,0.02052352850652495,0.00040827444662785826,0.008573763379185024,0.011607726638834043,8.753835407650709e-5,0.14324611643286037,0.7800751924423369,0.0031345031447035992,true,0.010076200696889234
66,2391,0.0007279019366473209,0.01958887704436577,0.0003878689269280673,0.008145247465489414,0.011621856145301918,8.753835407650709e-5,0.14324611643286037,0.7800751924423369,0.0031345031447035992,true,0.008754409142773827
66,2392,0.0006761909049903423,0.019040766436577594,0.00037844920736123045,0.00794743335458584,0.011436731930268668,8.753835407650709e-5,0.14324611643286037,0.7800751924423369,0.0031345031447035992,true,0.008621528997086729
66,2393,0.0006280803741053757,0.01853081930384016,0.000358211170389314,0.007522434578175594,0.011590311658388077,8.753835407650709e-5,0.14324611643286037,0.7800751924423369,0.0031345031447035992,true,0.009837826079002233
66,2394,0.0005862016834319119,0.01808692650451119,0.0003438913134261535,0.007221717581949223,0.014618667630962697,8.753835407650709e-5,0.14324611643286037,0.7800751924423369,0.0031345031447035992,true,0.009138538546876705
66,2395,0.0005677555268975392,0.01789140663678783,0.00033821375536177294,0.007102488862597232,0.016178920600777837,8.753835407650709e-5,0.14324611643286037,0.7800751924423369,0.0031345031447035992,true,0.009424010720819876
66,2396,0.0005310156126887241,0.017501982251665136,0.000319515871270851,0.0067098332966878714,0.0170177533004149,8.753835407650709e-5,0.14324611643286037,0.7800751924423369,0.0031345031447035992,true,0.010791268702893705
66,2397,0.0005170523218677053,0.017353978478129924,0.0003034503284194019,0.006372456896807439,0.017145715905535257,8.753835407650709e-5,0.14324611643286037,0.7800751924423369,0.0031345031447035992,true,0.01014731025651309
66,2398,0.0006416296693951317,0.01867443493552264,0.0003367743303190082,0.007072260936699172,0.01655812856901162,8.753835407650709e-5,0.14324611643286037,0.7800751924423369,0.0031345031447035992,true,0.009538135649088657
66,2399,0.0007341763571320476,0.019655382706991395,0.0003663472788155401,0.007693292855126342,0.015731153697457124,8.753835407650709e-5,0.14324611643286037,0.7800751924423369,0.0031345031447035992,true,0.010439883369085877
66,2400,0.0008652710865283588,0.021044920093982233,0.000416600459241353,0.008748609644068412,0.015461808189512023,8.753835407650709e-5,0.14324611643286037,0.7800751924423369,0.0031345031447035992,true,0.012406225390106664
66,2401,0.0008014407950955016,0.020368351502880876,0.00040229791655980204,0.008448256247755843,0.0160018167921844,8.753835407650709e-5,0.14324611643286037,0.7800751924423369,0.0031345031447035992,true,0.014089730583031784
66,2402,0.0014685397068982461,0.027439260326137513,0.0007226530892199026,0.015175714873617954,0.010393440175205168,8.753835407650709e-5,0.14324611643286037,0.7800751924423369,0.0031345031447035992,true,0.018667195465113376
66,2403,0.001299512828353941,0.025647661470674446,0.0007157954364819265,0.015031704166120458,0.00983126844989247,8.753835407650709e-5,0.14324611643286037,0.7800751924423369,0.0031345031447035992,true,0.0188747240753571
66,2404,0.0011187749493750305,0.02373193197305752,0.0006766154683061197,0.014208924834428514,0.010013616014644738,8.753835407650709e-5,0.14324611643286037,0.7800751924423369,0.0031345031447035992,true,0.013401899126607901
66,2405,0.0009636261121385415,0.02208743328969303,0.0006398365504685445,0.013436567559839435,0.010202986787790053,8.753835407650709e-5,0.14324611643286037,0.7800751924423369,0.0031345031447035992,true,0.016531264559440387
66,2406,0.0008944596450571836,0.021354303953538937,0.000617780345039823,0.012973387245836281,0.010197842311961006,8.753835407650709e-5,0.14324611643286037,0.7800751924423369,0.0031345031447035992,true,0.020812129272935333
66,2407,0.0008782464754897003,0.021182452610777985,0.0006106590630995128,0.012823840325089767,0.009748673632447009,8.753835407650709e-5,0.14324611643286037,0.7800751924423369,0.0031345031447035992,true,0.010032696970701277
67,2408,0.0007797881750344744,0.020042382525625718,0.0005822980638501265,0.012228259340852657,0.009682022395250402,8.502616708657022e-5,0.14347433611904545,0.7818107404354231,0.0031061930897830865,true,0.01484142724269945
67,2409,0.0007190534636443031,0.019388650126689888,0.0005629938266603272,0.011822870359866872,0.009526563241177824,8.502616708657022e-5,0.14347433611904545,0.7818107404354231,0.0031061930897830865,true,0.01418822391271226
67,2410,0.00064897960256986,0.018634393586165598,0.0005292250691421399,0.011113726451984936,0.010639852048600188,8.502616708657022e-5,0.14347433611904545,0.7818107404354231,0.0031061930897830865,true,0.014728872797379444
67,2411,0.0005995571264989074,0.018102423101681808,0.0005036729299385746,0.010577131528710067,0.010821446393521558,8.502616708657022e-5,0.14347433611904545,0.7818107404354231,0.0031061930897830865,true,0.015110582930582345
67,2412,0.0005588737585135406,0.017664518069434188,0.0004783912716282132,0.010046216704192477,0.01074542590967414,8.502616708657022e-5,0.14347433611904545,0.7818107404354231,0.0031061930897830865,true,0.012513059763637214
67,2413,0.0005238791170515109,0.01728784498761274,0.00045243275847737244,0.009501087928024822,0.011086518328877233,8.502616708657022e-5,0.14347433611904545,0.7818107404354231,0.0031061930897830865,true,0.011505193229113695
67,2414,0.0005114854019547577,0.017154442310354956,0.0004369704921256519,0.00917638033463869,0.012700620011947186,8.502616708657022e-5,0.14347433611904545,0.7818107404354231,0.0031061930897830865,true,0.01158868047311381
67,2415,0.0009879469664539585,0.022282948800816153,0.0005996264342127887,0.012592155118468562,0.010035105487684175,8.502616708657022e-5,0.14347433611904545,0.7818107404354231,0.0031061930897830865,true,0.014973679560107447
67,2416,0.0011563327289764716,0.024095408693369385,0.0006722199470901183,0.014116618888892485,0.008425174478934799,8.502616708657022e-5,0.14347433611904545,0.7818107404354231,0.0031061930897830865,true,0.015670551886393783
67,2417,0.0010883879304494594,0.023364068820015457,0.0006838116534737195,0.014360044722948108,0.010516535014062318,8.502616708657022e-5,0.14347433611904545,0.7818107404354231,0.0031061930897830865,true,0.014908291763925592
67,2418,0.0009750579315962004,0.022144214632419442,0.0006535661199973197,0.013724888519943712,0.010396275942272909,8.502616708657022e-5,0.14347433611904545,0.7818107404354231,0.0031061930897830865,true,0.015318065712874161
67,2419,0.000872960451015066,0.02104526430602651,0.000630627934210833,0.013243186618427492,0.01021128291606893,8.502616708657022e-5,0.14347433611904545,0.7818107404354231,0.0031061930897830865,true,0.014502645662645225
67,2420,0.0007678254384616447,0.01991361878741754,0.0005929511741805852,0.012451974657792289,0.010210584381181354,8.502616708657022e-5,0.14347433611904545,0.7818107404354231,0.0031061930897830865,true,0.01055030053142336
67,2421,0.0008480372971726017,0.02077699805798573,0.0006134473904077895,0.012882395198563578,0.009282718021125272,8.502616708657022e-5,0.14347433611904545,0.7818107404354231,0.0031061930897830865,true,0.011407328284959366
67,2422,0.0008285759789693664,0.02056752156679566,0.0006197345480165948,0.013014425508348491,0.00905293606158772,8.502616708657022e-5,0.14347433611904545,0.7818107404354231,0.0031061930897830865,true,0.013972525976035696
67,2423,0.0007430212372089536,0.019646632913648605,0.0005905409257705337,0.012401359441181207,0.009019769213055332,8.502616708657022e-5,0.14347433611904545,0.7818107404354231,0.0031061930897830865,true,0.012944126673052756
67,2424,0.0006678816267913227,0.01883784998459412,0.0005578796993207576,0.01171547368573591,0.009615744430811746,8.502616708657022e-5,0.14347433611904545,0.7818107404354231,0.0031061930897830865,true,0.013877177574866818
67,2425,0.0006576947238308049,0.01872820085055405,0.0005391155292597568,0.011321426114454894,0.009383549524822815,8.502616708657022e-5,0.14347433611904545,0.7818107404354231,0.0031061930897830865,true,0.014259609491374229
67,2426,0.0006510802899924278,0.0186570048309832,0.0005219488541536824,0.01096092593722733,0.01052388171936138,8.502616708657022e-5,0.14347433611904545,0.7818107404354231,0.0031061930897830865,true,0.012206950237941583
67,2427,0.0006191857269333611,0.018313700174644815,0.0005066572419541098,0.010639802081036306,0.010399309574438497,8.502616708657022e-5,0.14347433611904545,0.7818107404354231,0.0031061930897830865,true,0.011369245217751732
67,2428,0.0005839570367226862,0.017934507853883765,0.0004792532254281026,0.010064317733990155,0.010356240612118026,8.502616708657022e-5,0.14347433611904545,0.7818107404354231,0.0031061930897830865,true,0.011640518618983693
68,2429,0.0005622174726905831,0.017686198192580424,0.0004547775022072044,0.009550327546351291,0.010562107600005685,8.56336300817219e-5,0.1425962616815278,0.7817786400458682,0.003088739414034704,true,0.01291435521303125
68,2430,0.0005505415087696288,0.01756141544323462,0.00043379694947162585,0.009109735938904143,0.010460549498170987,8.56336300817219e-5,0.1425962616815278,0.7817786400458682,0.003088739414034704,true,0.014299824006765147
68,2431,0.0007055662940526464,0.019218188199241638,0.00047457733303010236,0.009966123993632149,0.00946474687810947,8.56336300817219e-5,0.1425962616815278,0.7817786400458682,0.003088739414034704,true,0.012707184823712591
68,2432,0.000664353802789441,0.018777744223735383,0.00046319971868854153,0.009727194092459372,0.009349386531645422,8.56336300817219e-5,0.1425962616815278,0.7817786400458682,0.003088739414034704,true,0.01207614262521381
68,2433,0.0006094783041518243,0.018191281672285144,0.00043578522402233687,0.009151489704469074,0.00954542135844426,8.56336300817219e-5,0.1425962616815278,0.7817786400458682,0.003088739414034704,true,0.013125022096181127
68,2434,0.0006013078446571705,0.01810396276602065,0.0004328486188800344,0.009089820996480723,0.010949527574620019,8.56336300817219e-5,0.1425962616815278,0.7817786400458682,0.003088739414034704,true,0.01620757900791032
68,2435,0.0008524804251017833,0.020788281196631002,0.0005154075018883515,0.01082355753965538,0.010682294012634859,8.56336300817219e-5,0.1425962616815278,0.7817786400458682,0.003088739414034704,true,0.013860439660614125
68,2436,0.0008415789894899904,0.020671775945615752,0.0005134263519339456,0.010781953390612858,0.010456179142130475,8.56336300817219e-5,0.1425962616815278,0.7817786400458682,0.003088739414034704,true,0.014409450180876103
68,2437,0.0007858276655687373,0.02007595332012121,0.0004945960092230432,0.010386516193683906,0.010601074770597085,8.56336300817219e-5,0.1425962616815278,0.7817786400458682,0.003088739414034704,true,0.013249053354551215
68,2438,0.0010750632359044538,0.02316705654032907,0.0006423267839863201,0.013488862463712722,0.00988770647506454,8.56336300817219e-5,0.1425962616815278,0.7817786400458682,0.003088739414034704,true,0.010642127153995606
68,2439,0.0009291417869771936,0.021607572483257852,0.0006073547983717996,0.012754450765807791,0.009859919655865367,8.56336300817219e-5,0.1425962616815278,0.7817786400458682,0.003088739414034704,true,0.01090942790435103
68,2440,0.0008174972162703582,0.020414410481675343,0.0005760897103106054,0.012097883916522712,0.009773672506047165,8.56336300817219e-5,0.1425962616815278,0.7817786400458682,0.003088739414034704,true,0.013144055459695629
68,2441,0.0007251381510076533,0.01942735552257206,0.0005416433316211168,0.011374509964043452,0.009872207508307978,8.56336300817219e-5,0.1425962616815278,0.7817786400458682,0.003088739414034704,true,0.012366145995398235
68,2442,0.0006525671600649353,0.018651778633684096,0.0005095460367985242,0.010700466772769009,0.013008020173361057,8.56336300817219e-5,0.1425962616815278,0.7817786400458682,0.003088739414034704,true,0.014653265326671133
68,2443,0.0006473400601459269,0.01859591584553103,0.0005082803580516325,0.010673887519084282,0.012825978117638468,8.56336300817219e-5,0.1425962616815278,0.7817786400458682,0.003088739414034704,true,0.01516902244788932
68,2444,0.0005985221692163098,0.01807419184152577,0.0004837839762915258,0.010159463502122042,0.013026744042560478,8.56336300817219e-5,0.1425962616815278,0.7817786400458682,0.003088739414034704,true,0.014757618979506048
68,2445,0.0006241533949228208,0.01834811653283296,0.0004932866798758751,0.010359020277393377,0.012765262497445059,8.56336300817219e-5,0.1425962616815278,0.7817786400458682,0.003088739414034704,true,0.014816169914800606
68,2446,0.0005736204651713903,0.017808063655865305,0.0004644663966222314,0.009753794329066858,0.012789376000134347,8.56336300817219e-5,0.1425962616815278,0.7817786400458682,0.003088739414034704,true,0.013783623405577343
68,2447,0.0007012416610783598,0.01917197020849618,0.0005201986011467224,0.01092417062408117,0.01190751334413206,8.56336300817219e-5,0.1425962616815278,0.7817786400458682,0.003088739414034704,true,0.01271950926777764
68,2448,0.000645016081724418,0.01857107914521066,0.0004975376754321945,0.010448291184076084,0.013609442863734965,8.56336300817219e-5,0.1425962616815278,0.7817786400458682,0.003088739414034704,true,0.014681982961586059
68,2449,0.0005945375719996138,0.01803160786309786,0.00046809669515827376,0.009830030598323748,0.015646340567889196,8.56336300817219e-5,0.1425962616815278,0.7817786400458682,0.003088739414034704,true,0.015680515630460246
69,2450,0.0005771049052011069,0.017762618576176746,0.00045664238302682504,0.009589490043563326,0.015548811684093737,8.60702011327152e-5,0.14159429957110548,0.7814583508922915,0.0030310004257948528,true,0.015986904278902606
69,2451,0.0005372404436652327,0.01734095984600699,0.00042945645133198745,0.009018585477971736,0.015604887854833025,8.60702011327152e-5,0.14159429957110548,0.7814583508922915,0.0030310004257948528,true,0.015755149172030237
69,2452,0.000533173945943881,0.017297947242817045,0.0004107491075751512,0.008625731259078175,0.015653134002340124,8.60702011327152e-5,0.14159429957110548,0.7814583508922915,0.0030310004257948528,true,0.013496626758011224
69,2453,0.0005168592985996626,0.01712538217565466,0.0003962795659730445,0.008321870885433935,0.015803217501597206,8.60702011327152e-5,0.14159429957110548,0.7814583508922915,0.0030310004257948528,true,0.013228126918525297
69,2454,0.0005321325092087736,0.017286931644603525,0.0003846423700777,0.0080774897716317,0.015970531080862292,8.60702011327152e-5,0.14159429957110548,0.7814583508922915,0.0030310004257948528,true,0.013130443074850059
69,2455,0.0007204736447377386,0.01927907404377795,0.00046902070914262115,0.009849434891995044,0.01418435766727274,8.60702011327152e-5,0.14159429957110548,0.7814583508922915,0.0030310004257948528,true,0.013823200823037682
69,2456,0.0008349711017225008,0.02049014903287355,0.0005333752530160735,0.011200880313337543,0.012754574117537281,8.60702011327152e-5,0.14159429957110548,0.7814583508922915,0.0030310004257948528,true,0.015266781154953883
69,2457,0.000789893874358671,0.020013353267484844,0.0005167491457637414,0.01085173206103857,0.012558069985022756,8.60702011327152e-5,0.14159429957110548,0.7814583508922915,0.0030310004257948528,true,0.017298564336127913
69,2458,0.00076934810186113,0.01979603428190483,0.0005064131731310477,0.010634676635752002,0.0124273940223418,8.60702011327152e-5,0.14159429957110548,0.7814583508922915,0.0030310004257948528,true,0.01556717138425204
69,2459,0.0010468933802601705,0.02273171646963575,0.0006106328203278917,0.012823289226885725,0.013872179107219164,8.60702011327152e-5,0.14159429957110548,0.7814583508922915,0.0030310004257948528,true,0.011882209092718173
69,2460,0.0009147900895274269,0.021334419135731274,0.0005758952633809264,0.012093800530999455,0.01388794465625666,8.60702011327152e-5,0.14159429957110548,0.7814583508922915,0.0030310004257948528,true,0.014090086668407152
69,2461,0.0008021148704112637,0.020142618519752423,0.0005413429184300924,0.01136820128703194,0.015248774920574148,8.60702011327152e-5,0.14159429957110548,0.7814583508922915,0.0030310004257948528,true,0.014190158969754335
69,2462,0.0007370288864879011,0.01945418395233008,0.0005148934473890833,0.01081276239517075,0.015473823252989334,8.60702011327152e-5,0.14159429957110548,0.7814583508922915,0.0030310004257948528,true,0.014961054213707671
69,2463,0.0010601715367717709,0.02287216363480411,0.0006725499055235978,0.014123548015995553,0.016429925324899328,8.60702011327152e-5,0.14159429957110548,0.7814583508922915,0.0030310004257948528,true,0.01311655707900724
69,2464,0.0009442117983753671,0.02164562164328509,0.0006505814713098462,0.01366221089750677,0.01641635641725966,8.60702011327152e-5,0.14159429957110548,0.7814583508922915,0.0030310004257948528,true,0.01325744583868025
69,2465,0.0008529348808455695,0.02068015747654127,0.0006295929782495674,0.013221452543240916,0.01612024504829019,8.60702011327152e-5,0.14159429957110548,0.7814583508922915,0.0030310004257948528,true,0.014373724318017563
69,2466,0.000791059140712823,0.020025678649849766,0.000614658249009509,0.01290782322919969,0.017186300038190237,8.60702011327152e-5,0.14159429957110548,0.7814583508922915,0.0030310004257948528,true,0.014456558748998599
69,2467,0.0007055730914387658,0.019121466286371833,0.0005800024817692046,0.012180052117153298,0.017631499375657216,8.60702011327152e-5,0.14159429957110548,0.7814583508922915,0.0030310004257948528,true,0.014994163958469245
69,2468,0.0006917566417433327,0.018975325427833256,0.0005758907618247398,0.012093705998319536,0.01712246160400296,8.60702011327152e-5,0.14159429957110548,0.7814583508922915,0.0030310004257948528,true,0.012206752334812134
69,2469,0.0008522497255990815,0.020672910377745185,0.0006520040776457053,0.01369208563055981,0.016486986637703777,8.60702011327152e-5,0.14159429957110548,0.7814583508922915,0.0030310004257948528,true,0.01209956726354264
69,2470,0.0010815563207039738,0.0230983571036333,0.0007355089754882277,0.015445688485252781,0.015019672293083213,8.60702011327152e-5,0.14159429957110548,0.7814583508922915,0.0030310004257948528,true,0.030407838245208568
70,2471,0.0009664480759391757,0.02179539281910604,0.0007021581935092544,0.014745322063694343,0.015019472016098144,8.534470028189725e-5,0.14050067945113384,0.7826446679884594,0.0030473709138195523,true,0.01550152010984188
70,2472,0.0008580234317536041,0.02064772285786912,0.0006636058834298282,0.01393572355202639,0.01580588828445952,8.534470028189725e-5,0.14050067945113384,0.7826446679884594,0.0030473709138195523,true,0.011979588807489608
70,2473,0.0007704579059481313,0.01972084572249337,0.0006337443425975471,0.01330863119454849,0.01573464166713359,8.534470028189725e-5,0.14050067945113384,0.7826446679884594,0.0030473709138195523,true,0.013033778899096692
70,2474,0.0007498690029781405,0.01950291311454275,0.0006149000968495217,0.012912902033839956,0.01719082057284808,8.534470028189725e-5,0.14050067945113384,0.7826446679884594,0.0030473709138195523,true,0.01325283816197349
70,2475,0.0007419286239360997,0.019418864561044264,0.0006001844838574937,0.012603874161007368,0.016848350726430393,8.534470028189725e-5,0.14050067945113384,0.7826446679884594,0.0030473709138195523,true,0.01310543510947286
70,2476,0.0006698578967568797,0.018655999169237898,0.0005644598912802543,0.01185365771688534,0.017116405532702886,8.534470028189725e-5,0.14050067945113384,0.7826446679884594,0.0030473709138195523,true,0.011380478231246691
70,2477,0.0006356747708287263,0.018294172325316917,0.0005373010712413209,0.011283322496067739,0.01727800867771665,8.534470028189725e-5,0.14050067945113384,0.7826446679884594,0.0030473709138195523,true,0.01302703737892292
70,2478,0.0005859343294720304,0.017767672000298163,0.0005086491669446024,0.01068163250583665,0.017376841315446662,8.534470028189725e-5,0.14050067945113384,0.7826446679884594,0.0030473709138195523,true,0.012410473625265341
70,2479,0.0005877890222479195,0.01778730383955574,0.0004909586352801998,0.010310131340884194,0.017834960588769128,8.534470028189725e-5,0.14050067945113384,0.7826446679884594,0.0030473709138195523,true,0.013262693840648281
70,2480,0.001012868483149063,0.02228675073264451,0.0006827926598407365,0.014338645856655466,0.014306125309170935,8.534470028189725e-5,0.14050067945113384,0.7826446679884594,0.0030473709138195523,true,0.0157854466949714
70,2481,0.0008919287582408983,0.021006609207256617,0.0006446714454652503,0.013538100354770256,0.01445513958088927,8.534470028189725e-5,0.14050067945113384,0.7826446679884594,0.0030473709138195523,true,0.013569203438818463
70,2482,0.0010075027828023967,0.022229955036840075,0.0006876423454484061,0.014440489254416529,0.013107893153428701,8.534470028189725e-5,0.14050067945113384,0.7826446679884594,0.0030473709138195523,true,0.013973238894517643
70,2483,0.0009054575849173339,0.0211498112265388,0.0006659178087312092,0.013984273983355394,0.012831777998615769,8.534470028189725e-5,0.14050067945113384,0.7826446679884594,0.0030473709138195523,true,0.013071969922086896
70,2484,0.0014259791303291194,0.026659508273118738,0.0008718789294997959,0.018309457519495715,0.010019095353552889,8.534470028189725e-5,0.14050067945113384,0.7826446679884594,0.0030473709138195523,true,0.01837395391894817
70,2485,0.0012291749315521895,0.0245763447185766,0.0008371366193890925,0.017579869007170942,0.009769635469271875,8.534470028189725e-5,0.14050067945113384,0.7826446679884594,0.0030473709138195523,true,0.017454559866023702
70,2486,0.0010511605643131036,0.022692070682138642,0.0007871881353058906,0.016530950841423704,0.0113289334441437,8.534470028189725e-5,0.14050067945113384,0.7826446679884594,0.0030473709138195523,true,0.01798029450666371
70,2487,0.0011451728259393446,0.023687186224982552,0.0008267609960364555,0.017361980916765565,0.011167790537599644,8.534470028189725e-5,0.14050067945113384,0.7826446679884594,0.0030473709138195523,true,0.0148376840114577
70,2488,0.0010318658525187172,0.022487837029324057,0.0008060910242225531,0.016927911508673614,0.012271881452026807,8.534470028189725e-5,0.14050067945113384,0.7826446679884594,0.0030473709138195523,true,0.019193430360044905
70,2489,0.0008932395063088088,0.02102048341634985,0.0007578717254316321,0.015915306234064275,0.012280332377067837,8.534470028189725e-5,0.14050067945113384,0.7826446679884594,0.0030473709138195523,true,0.019827946838823152
70,2490,0.0009258255387070141,0.021365405097395956,0.0007849376854582331,0.016483691394622895,0.011661497659920028,8.534470028189725e-5,0.14050067945113384,0.7826446679884594,0.0030473709138195523,true,0.012200176791111675
70,2491,0.0009127911936074535,0.021227437143269603,0.00077242770615477,0.01622098182925017,,8.534470028189725e-5,0.14050067945113384,0.7826446679884594,0.0030473709138195523,true,0.01188212410483986
71,2492,0.0008381780447973145,0.02042316994041839,0.0007368497837167002,0.015473845458050703,,8.52681542266838e-5,0.14006059155851924,0.7830525760001775,0.0030860813201896587,true,0.014876981867677911
71,2493,0.000836291077663314,0.020403201488748635,0.0007434009543265097,0.015611420040856704,,8.52681542266838e-5,0.14006059155851924,0.7830525760001775,0.0030860813201896587,true,0.012762535158874468
71,2494,0.000763132157394025,0.01962901187130059,0.0007044769122008719,0.01479401515621831,,8.52681542266838e-5,0.14006059155851924,0.7830525760001775,0.0030860813201896587,true,0.01188879466821855
71,2495,0.0009693314262341891,0.02181107432484457,0.0007687594466195169,0.016143948379009856,,8.52681542266838e-5,0.14006059155851924,0.7830525760001775,0.0030860813201896587,true,0.01210366431856277
71,2496,0.000853951073250291,0.02059008485413033,0.0007242640818562278,0.015209545718980784,,8.52681542266838e-5,0.14006059155851924,0.7830525760001775,0.0030860813201896587,true,0.012547403352421826
71,2497,0.0008077823505830949,0.020101513595721723,0.000697178001775414,0.014640738037283694,,8.52681542266838e-5,0.14006059155851924,0.7830525760001775,0.0030860813201896587,true,0.010740415815202175
71,2498,0.0007717273186954337,0.019719968443860002,0.000671752283807597,0.014106797959959536,,8.52681542266838e-5,0.14006059155851924,0.7830525760001775,0.0030860813201896587,true,0.011928999150314533
71,2499,0.0007022320431437669,0.018984548612679456,0.0006409632650207025,0.013460228565434752,,8.52681542266838e-5,0.14006059155851924,0.7830525760001775,0.0030860813201896587,true,0.010781444932324115
71,2500,0.000708188505980247,0.01904758168735776,0.0006428210438710817,0.013499241921292716,,8.52681542266838e-5,0.14006059155851924,0.7830525760001775,0.0030860813201896587,true,0.009668554746419271
71,2501,0.0006743834314434918,0.018689846258416503,0.0006138132071402738,0.012890077349945751,,8.52681542266838e-5,0.14006059155851924,0.7830525760001775,0.0030860813201896587,true,0.011468762952602426
71,2502,0.0006543117973254625,0.01847744221141586,0.0005887716162299155,0.012364203940828225,,8.52681542266838e-5,0.14006059155851924,0.7830525760001775,0.0030860813201896587,true,0.011468762952602426
71,2503,0.0005976795595749786,0.017878142900848003,0.0005542617203195573,0.011639496126710702,,8.52681542266838e-5,0.14006059155851924,0.7830525760001775,0.0030860813201896587,true,0.011508123181472145
71,2504,0.0005554636555763727,0.017431401554111315,0.0005239731118213154,0.011003435348247624,,8.52681542266838e-5,0.14006059155851924,0.7830525760001775,0.0030860813201896587,true,0.012388833457817714
71,2505,0.0006706662045051597,0.01865050944903274,0.0005696899557007228,0.011963489069715179,,8.52681542266838e-5,0.14006059155851924,0.7830525760001775,0.0030860813201896587,true,0.011791253365541227
71,2506,0.0006235386623346419,0.01815179167531546,0.0005381113909611029,0.01130033921018316,,8.52681542266838e-5,0.14006059155851924,0.7830525760001775,0.0030860813201896587,true,0.01259081363566723
71,2507,0.0007597273722924872,0.019592981415061626,0.0005996622990758902,0.012592908280593694,,8.52681542266838e-5,0.14006059155851924,0.7830525760001775,0.0030860813201896587,true,0.012367201538631606
71,2508,0.0008925654132161725,0.020998713371010506,0.0006408181355876118,0.013457180847339848,,8.52681542266838e-5,0.14006059155851924,0.7830525760001775,0.0030860813201896587,true,0.0140689521398838
71,2509,0.0009732818972977504,0.02185287939345658,0.0006975501902662697,0.014648553995591663,,8.52681542266838e-5,0.14006059155851924,0.7830525760001775,0.0030860813201896587,true,0.01135479044314166
71,2510,0.0008474054329331235,0.0205208169267956,0.0006563503970151875,0.013783358337318937,,8.52681542266838e-5,0.14006059155851924,0.7830525760001775,0.0030860813201896587,true,0.012689703781369537
71,2511,0.0008538204227226019,0.02058870227109495,0.0006523775537179067,0.013699928628076041,,8.52681542266838e-5,0.14006059155851924,0.7830525760001775,0.0030860813201896587,true,0.012094346971441048
